DoctorID,DoctorFirstName,DoctorLastName,DoctorPhoneNumber,DoctorEmail
1,Tessy,O'Brallaghan,62-(354)144-2540,tobrallaghan0@networkadvertising.org
2,Cristie,Newark,94-(309)160-8789,cnewark1@google.fr
3,Corliss,Pettigree,81-(970)896-3055,cpettigree2@adobe.com
4,Oliver,Ollet,359-(443)552-9842,oollet3@cdc.gov
5,Jenine,Aaron,234-(552)922-3221,jaaron4@elpais.com
6,Ruperta,Biagini,235-(868)635-6794,rbiagini5@shutterfly.com
7,Catie,Hebblethwaite,7-(876)626-8014,chebblethwaite6@baidu.com
8,Doria,Conws,374-(987)493-9764,dconws7@foxnews.com
9,Sula,Teulier,86-(441)677-7706,steulier8@auda.org.au
10,Kordula,Dowsett,55-(464)412-3676,kdowsett9@mapquest.com
11,Angie,Niche,971-(956)128-4860,anichea@domainmarket.com
12,Ninon,Strugnell,62-(959)519-5008,nstrugnellb@scientificamerican.com
13,Roy,de'-Ancy Willis,995-(750)981-5574,rdeancywillisc@imgur.com
14,Nolly,Royson,977-(821)778-0727,nroysond@cpanel.net
15,Barton,Daughton,225-(954)327-1329,bdaughtone@huffingtonpost.com
16,Carline,Maltby,63-(246)923-2063,cmaltbyf@epa.gov
17,Essa,Drable,86-(331)497-2202,edrableg@pcworld.com
18,Christen,Cords,381-(395)752-1200,ccordsh@soundcloud.com
19,Maryann,Nicholas,48-(685)592-8344,mnicholasi@techcrunch.com
20,Antonietta,Cuschieri,351-(721)865-8273,acuschierij@github.com
21,Aretha,Attarge,55-(400)169-1466,aattargek@google.es
22,Sarena,Maydwell,86-(941)710-7920,smaydwelll@icq.com
23,Giles,Horsefield,62-(348)399-5474,ghorsefieldm@boston.com
24,Maynard,Ivakhin,351-(774)534-5028,mivakhinn@jigsy.com
25,Bea,Swalteridge,385-(152)717-4800,bswalteridgeo@stumbleupon.com
26,Hamid,Curnick,1-(624)267-6285,hcurnickp@state.tx.us
27,Shanda,Gewer,62-(964)601-4579,sgewerq@so-net.ne.jp
28,Aura,Vankov,33-(996)410-3303,avankovr@mysql.com
29,Christie,Asel,47-(861)324-5892,casels@constantcontact.com
30,Astrid,Meany,7-(831)403-1630,ameanyt@cocolog-nifty.com
31,Freddie,Tellett,30-(528)513-0169,ftellettu@google.co.jp
32,Barby,Bohan,62-(470)179-0506,bbohanv@mayoclinic.com
33,Winfield,Itzkovsky,86-(692)823-6489,witzkovskyw@skype.com
34,Yehudit,Northcliffe,850-(857)688-4667,ynorthcliffex@hostgator.com
35,Alexander,McQuode,27-(843)828-1966,amcquodey@sciencedirect.com
36,Kelli,Mazella,370-(136)796-5671,kmazellaz@naver.com
37,Else,Ianiello,55-(945)279-0089,eianiello10@home.pl
38,Jaquelin,Foulgham,233-(115)792-1284,jfoulgham11@google.com.br
39,Tuesday,Riep,993-(360)418-8708,triep12@businesswire.com
40,Pepe,Stormonth,7-(721)751-7169,pstormonth13@blogspot.com
41,Robby,Lloyd,62-(290)973-9745,rlloyd14@photobucket.com
42,Yoshi,Burberry,7-(632)941-4491,yburberry15@vistaprint.com
43,Lynnette,Ollin,86-(963)703-5339,lollin16@unicef.org
44,Anna-diane,Pittson,86-(526)493-7808,apittson17@privacy.gov.au
45,Roxanne,Jerrams,48-(395)666-8795,rjerrams18@addthis.com
46,Dun,Gutridge,86-(530)957-6853,dgutridge19@discuz.net
47,Ewan,Ottawell,92-(260)541-1051,eottawell1a@icio.us
48,Danyelle,Ferson,977-(714)847-4740,dferson1b@studiopress.com
49,Lucine,Petry,380-(556)273-0003,lpetry1c@imageshack.us
50,Rod,Hegden,48-(744)904-8885,rhegden1d@goo.ne.jp
51,Chen,Leither,62-(875)667-6049,cleither1e@hubpages.com
52,Alix,Ortes,86-(103)270-0422,aortes1f@sfgate.com
53,Ferdy,Sydall,66-(197)103-9196,fsydall1g@webnode.com
54,Roanna,Revelle,86-(590)955-9594,rrevelle1h@flavors.me
55,Rockie,Bifield,86-(396)480-4981,rbifield1i@bigcartel.com
56,Anatollo,Banasiak,81-(696)813-3352,abanasiak1j@redcross.org
57,Regen,Cordel,62-(609)243-2326,rcordel1k@newyorker.com
58,Lexi,Albin,1-(516)651-3792,lalbin1l@blogtalkradio.com
59,Vale,Cullon,51-(904)877-9353,vcullon1m@sciencedirect.com
60,Alyce,Edis,380-(333)741-2204,aedis1n@accuweather.com
61,Joye,Dedden,976-(529)357-3184,jdedden1o@columbia.edu
62,Lynnett,Budgey,86-(238)395-7330,lbudgey1p@qq.com
63,Janifer,Braine,1-(773)639-1939,jbraine1q@tumblr.com
64,Brittni,Foskett,963-(559)678-7213,bfoskett1r@youku.com
65,Gweneth,Creeber,49-(386)740-4148,gcreeber1s@ehow.com
66,Humbert,Abels,62-(247)290-2589,habels1t@scientificamerican.com
67,Gibby,Dikle,7-(625)604-6730,gdikle1u@networksolutions.com
68,Hilary,Fabri,86-(164)133-5977,hfabri1v@cloudflare.com
69,Rosemary,Lansdale,7-(766)438-0956,rlansdale1w@newsvine.com
70,Nial,Gercke,33-(999)946-0599,ngercke1x@sogou.com
71,Nester,Janodet,62-(140)446-7034,njanodet1y@delicious.com
72,Stern,Orriss,225-(991)326-2155,sorriss1z@taobao.com
73,Bridget,Heyball,351-(543)840-1564,bheyball20@rediff.com
74,Perry,Philipeau,63-(118)465-0593,pphilipeau21@wired.com
75,Hortense,Barhem,507-(276)339-4138,hbarhem22@ning.com
76,Karena,Tye,63-(680)127-1271,ktye23@imdb.com
77,Melly,Freake,255-(188)173-5445,mfreake24@omniture.com
78,Neilla,Kellick,358-(872)417-8727,nkellick25@mit.edu
79,Kalindi,Leadbeater,33-(927)987-0298,kleadbeater26@furl.net
80,Karalynn,Brandle,593-(512)870-6008,kbrandle27@wiley.com
81,Obidiah,Philpot,7-(885)474-0618,ophilpot28@smugmug.com
82,Ashlan,Reid,63-(955)819-1057,areid29@hostgator.com
83,Monty,Paxman,351-(176)994-4501,mpaxman2a@dropbox.com
84,Judye,Bowness,7-(113)374-6323,jbowness2b@springer.com
85,Celisse,Willgress,98-(183)328-0895,cwillgress2c@godaddy.com
86,Peggi,Larkcum,502-(921)551-0802,plarkcum2d@canalblog.com
87,Kimberley,Baison,967-(907)192-5551,kbaison2e@spotify.com
88,Warren,Borer,62-(507)616-1366,wborer2f@auda.org.au
89,Brenna,Lugton,227-(987)987-6036,blugton2g@ustream.tv
90,Udale,Trusdale,86-(402)681-9268,utrusdale2h@wordpress.com
91,Morly,Jendrich,972-(760)478-7591,mjendrich2i@house.gov
92,Allison,Pressey,51-(853)286-6245,apressey2j@arstechnica.com
93,Anderea,Peracco,1-(310)575-1898,aperacco2k@dmoz.org
94,Nicole,Coath,212-(341)259-3917,ncoath2l@4shared.com
95,Gilemette,Neumann,506-(338)251-3182,gneumann2m@ebay.com
96,Clywd,Kidson,33-(875)332-4426,ckidson2n@artisteer.com
97,Vallie,Scouse,27-(130)740-8377,vscouse2o@nhs.uk
98,Harrietta,Kenworthy,62-(469)822-4927,hkenworthy2p@reverbnation.com
99,Susette,Isaacs,62-(535)413-8443,sisaacs2q@pagesperso-orange.fr
100,Law,Iley,1-(512)524-0319,liley2r@fc2.com
101,Towney,McComish,225-(682)907-3073,tmccomish2s@histats.com
102,Estrella,Tuhy,84-(959)131-7257,etuhy2t@flavors.me
103,Haskell,Foxon,86-(907)494-5181,hfoxon2u@bbc.co.uk
104,Giffy,Barraclough,57-(544)253-3192,gbarraclough2v@shutterfly.com
105,Mel,Phillott,230-(727)833-6957,mphillott2w@forbes.com
106,Toni,Pittson,62-(543)862-7596,tpittson2x@goodreads.com
107,Charlot,Gammie,55-(736)319-1645,cgammie2y@archive.org
108,Nicole,Tomsett,48-(761)680-9476,ntomsett2z@abc.net.au
109,Adore,Markovich,244-(876)952-4899,amarkovich30@house.gov
110,Viviana,Demer,351-(839)714-9393,vdemer31@newsvine.com
111,Hubert,Gribbell,62-(355)238-8625,hgribbell32@hexun.com
112,Harrietta,Da Costa,86-(110)954-4917,hdacosta33@bizjournals.com
113,Pepito,Wardroper,27-(221)888-7244,pwardroper34@netlog.com
114,Adele,Jurkowski,30-(781)259-0259,ajurkowski35@pbs.org
115,Lenci,Spykins,63-(148)955-1216,lspykins36@twitter.com
116,Arv,Benallack,86-(830)384-6898,abenallack37@springer.com
117,Zacharias,Dmitrienko,51-(677)551-8981,zdmitrienko38@sohu.com
118,Johnny,Bartocci,86-(434)857-7492,jbartocci39@google.com.hk
119,Aldrich,Goddard,86-(182)582-9236,agoddard3a@prweb.com
120,Garwin,Brignell,86-(558)502-2587,gbrignell3b@yellowpages.com
121,Layla,Van Velde,92-(859)324-1310,lvanvelde3c@cloudflare.com
122,Alister,Gage,66-(525)979-8611,agage3d@icq.com
123,Nicolis,Zavattero,62-(831)987-7499,nzavattero3e@dedecms.com
124,Flor,Pyer,380-(435)896-9540,fpyer3f@yahoo.co.jp
125,Eduino,Gadaud,86-(145)239-5118,egadaud3g@jugem.jp
126,Ardisj,Stit,375-(730)337-5778,astit3h@weather.com
127,Lorrie,Lorrain,389-(277)219-3448,llorrain3i@acquirethisname.com
128,Tillie,Joney,46-(388)476-1880,tjoney3j@miibeian.gov.cn
129,Jacklin,Tunsley,46-(155)512-3479,jtunsley3k@google.com
130,Shelba,Durrant,55-(554)403-6871,sdurrant3l@netvibes.com
131,Analiese,von Hagt,98-(806)371-9048,avonhagt3m@furl.net
132,Dolph,Creak,86-(998)791-5962,dcreak3n@pagesperso-orange.fr
133,Brigitte,Elvidge,7-(402)383-6209,belvidge3o@slate.com
134,Katrina,Krol,86-(859)275-3211,kkrol3p@baidu.com
135,Gaspard,Ebbett,380-(609)751-4947,gebbett3q@friendfeed.com
136,Anders,Lowis,62-(662)556-2671,alowis3r@theatlantic.com
137,Phyllis,Duffrie,359-(380)678-7358,pduffrie3s@ihg.com
138,Dannye,Stanney,86-(558)826-4680,dstanney3t@sphinn.com
139,Letizia,Mauger,352-(151)713-6193,lmauger3u@ning.com
140,Gustave,Cutchey,44-(956)739-6780,gcutchey3v@hp.com
141,Rosy,Brookesbie,86-(406)393-2490,rbrookesbie3w@google.com.br
142,Egor,Mabbutt,63-(719)727-9138,emabbutt3x@biblegateway.com
143,Lonny,Farries,505-(328)395-4599,lfarries3y@sohu.com
144,Bernadine,Brader,47-(140)866-4291,bbrader3z@abc.net.au
145,Isabella,Cristofvao,7-(466)613-6477,icristofvao40@imdb.com
146,Hildagard,Roser,63-(174)332-7761,hroser41@diigo.com
147,Valeria,Colter,7-(566)679-4282,vcolter42@123-reg.co.uk
148,Margarethe,Bomb,375-(808)491-8158,mbomb43@acquirethisname.com
149,Jackie,Roffey,62-(657)640-5000,jroffey44@theglobeandmail.com
150,Jon,Whibley,66-(871)354-4059,jwhibley45@de.vu
151,Blair,Mowday,63-(471)788-4745,bmowday46@nih.gov
152,Maurise,Jaulme,1-(213)622-0900,mjaulme47@bbb.org
153,Mella,Stanner,7-(351)563-5817,mstanner48@shutterfly.com
154,Greer,Trusdale,256-(136)734-1285,gtrusdale49@techcrunch.com
155,Celinka,Tulley,353-(777)696-0225,ctulley4a@list-manage.com
156,Roland,Woolrich,86-(943)930-5665,rwoolrich4b@sun.com
157,Olimpia,Cruise,357-(303)480-2375,ocruise4c@nbcnews.com
158,Darya,Bartlett,598-(852)811-5697,dbartlett4d@hatena.ne.jp
159,Pauletta,Abdie,55-(889)762-9733,pabdie4e@dion.ne.jp
160,Lila,Kerfod,591-(553)661-3650,lkerfod4f@ow.ly
161,Micheline,Floch,852-(383)100-3222,mfloch4g@wordpress.com
162,Nikkie,Van der Baaren,1-(735)738-5035,nvanderbaaren4h@flickr.com
163,Charles,Velareal,7-(833)406-8407,cvelareal4i@unesco.org
164,Bernice,Van Leeuwen,1-(228)506-5729,bvanleeuwen4j@ning.com
165,Cassondra,Marin,86-(443)625-4023,cmarin4k@foxnews.com
166,Shaun,Jako,7-(981)429-6637,sjako4l@cnet.com
167,Willetta,Keenan,86-(199)610-4050,wkeenan4m@slashdot.org
168,Ermina,Usborn,54-(358)451-4332,eusborn4n@sakura.ne.jp
169,Marsiella,Calderwood,1-(202)288-6208,mcalderwood4o@latimes.com
170,Curry,Manuel,84-(257)432-5211,cmanuel4p@miibeian.gov.cn
171,Web,Leyband,46-(605)920-2735,wleyband4q@instagram.com
172,Roderigo,Wrennall,63-(283)124-4646,rwrennall4r@linkedin.com
173,Gav,Freer,234-(572)428-3635,gfreer4s@marriott.com
174,Karry,Menloe,48-(519)964-3969,kmenloe4t@cafepress.com
175,Talbert,Somerlie,32-(784)282-7877,tsomerlie4u@behance.net
176,Laurie,Nerger,84-(901)353-7219,lnerger4v@usgs.gov
177,Rockey,Kira,48-(877)879-6874,rkira4w@photobucket.com
178,Alard,Goldhill,1-(825)303-0406,agoldhill4x@hud.gov
179,Di,Leer,63-(389)767-0823,dleer4y@washingtonpost.com
180,Rad,Jarville,86-(116)399-9493,rjarville4z@goo.gl
181,Harper,Crofts,1-(298)270-3075,hcrofts50@prweb.com
182,Edmund,Poulney,51-(655)970-6761,epoulney51@chronoengine.com
183,Betteann,Mulvaney,998-(548)512-0126,bmulvaney52@usda.gov
184,Shannah,Vedeneev,47-(771)441-8985,svedeneev53@adobe.com
185,Maris,Woollons,51-(130)977-6561,mwoollons54@freewebs.com
186,Ginni,MacCorley,7-(191)863-5641,gmaccorley55@google.de
187,Aldus,Seneschal,58-(544)499-9480,aseneschal56@bloomberg.com
188,Thorndike,Bools,970-(265)794-0173,tbools57@soundcloud.com
189,Betteanne,Everist,51-(430)550-8030,beverist58@seesaa.net
190,Emelina,Liddard,52-(133)284-8220,eliddard59@woothemes.com
191,Shae,O'Curneen,1-(513)354-2330,socurneen5a@wikipedia.org
192,Charil,Bellfield,66-(159)379-7082,cbellfield5b@surveymonkey.com
193,Charline,Buck,880-(196)629-8542,cbuck5c@godaddy.com
194,Shandra,Sayce,420-(367)656-0472,ssayce5d@examiner.com
195,Nancie,Kniveton,30-(254)967-8794,nkniveton5e@hatena.ne.jp
196,Lanette,McAneny,63-(405)547-1646,lmcaneny5f@pagesperso-orange.fr
197,Antonina,Lavielle,86-(904)147-4038,alavielle5g@mozilla.com
198,Freddie,Jorin,86-(497)593-3892,fjorin5h@icio.us
199,Tisha,Goggin,55-(973)835-9891,tgoggin5i@ibm.com
200,Meredeth,Debrick,86-(727)496-7617,mdebrick5j@wikimedia.org
201,Venita,Eyeington,7-(737)109-2066,veyeington5k@sciencedaily.com
202,Nessa,Harrad,63-(660)611-4127,nharrad5l@fotki.com
203,Gregorius,Spinello,86-(604)607-2079,gspinello5m@java.com
204,Adena,Hazlehurst,84-(620)503-3365,ahazlehurst5n@cpanel.net
205,Sal,Baselli,63-(206)873-4885,sbaselli5o@globo.com
206,Laurianne,Milburne,502-(434)317-9159,lmilburne5p@people.com.cn
207,Rycca,Tollmache,212-(582)767-0176,rtollmache5q@google.es
208,Zarah,St Ledger,86-(104)769-6246,zstledger5r@issuu.com
209,Orelia,Clendening,7-(868)167-8361,oclendening5s@mail.ru
210,Urbain,Fanthom,254-(795)613-0094,ufanthom5t@arizona.edu
211,Windham,Strangward,51-(959)766-4692,wstrangward5u@i2i.jp
212,Edee,Abdy,86-(401)317-1848,eabdy5v@usatoday.com
213,Maxwell,Bordessa,63-(238)640-4687,mbordessa5w@tripod.com
214,Mikel,Loy,46-(348)147-0941,mloy5x@yelp.com
215,Julianne,Overstreet,55-(929)311-8974,joverstreet5y@utexas.edu
216,Nolie,Proughten,7-(367)423-7221,nproughten5z@statcounter.com
217,Nichol,Willows,34-(858)270-8831,nwillows60@nsw.gov.au
218,Leoine,O'Gorman,382-(619)396-8799,logorman61@google.com.hk
219,Boyce,Yakobowitz,62-(415)943-5372,byakobowitz62@yahoo.co.jp
220,Stephanus,Wippermann,86-(178)154-4735,swippermann63@apple.com
221,Daloris,McIlenna,86-(644)629-8314,dmcilenna64@imdb.com
222,Renell,Mugridge,380-(166)535-8389,rmugridge65@blogs.com
223,Cristobal,Cobbald,385-(680)945-4900,ccobbald66@bbc.co.uk
224,Deidre,Yeldon,86-(179)979-4460,dyeldon67@netscape.com
225,Klarika,Novkovic,86-(762)216-4467,knovkovic68@examiner.com
226,Aeriela,Bearman,63-(360)952-2632,abearman69@fema.gov
227,Darby,O'Kane,86-(467)154-3982,dokane6a@nih.gov
228,Rochelle,Edinburough,55-(123)281-5025,redinburough6b@ox.ac.uk
229,Editha,Warre,86-(392)498-7803,ewarre6c@ucoz.ru
230,Baxie,Lendon,353-(422)380-1587,blendon6d@cloudflare.com
231,Bibby,Van der Krui,220-(336)551-4389,bvanderkrui6e@ftc.gov
232,Gerhardt,Fennelly,380-(672)600-0663,gfennelly6f@edublogs.org
233,Felita,Dalli,86-(851)514-5713,fdalli6g@patch.com
234,Aggy,Boddam,34-(425)161-2160,aboddam6h@usnews.com
235,Nicolea,Glisenan,62-(936)752-6043,nglisenan6i@washington.edu
236,Janos,Winslett,62-(106)996-6412,jwinslett6j@youtube.com
237,Randy,Weddell,33-(993)409-3827,rweddell6k@diigo.com
238,Rodolfo,Nannetti,86-(897)942-1473,rnannetti6l@reference.com
239,Carola,Riddick,33-(551)458-1575,criddick6m@alibaba.com
240,Peggie,Ridehalgh,62-(514)248-6325,pridehalgh6n@miitbeian.gov.cn
241,Cindra,Franscioni,62-(819)834-4746,cfranscioni6o@wordpress.com
242,Vivienne,Strotone,62-(132)707-9724,vstrotone6p@sitemeter.com
243,Millie,Goddman,351-(333)206-2614,mgoddman6q@google.ca
244,Mariquilla,Dominico,86-(117)732-5382,mdominico6r@yolasite.com
245,Chlo,Le Noury,86-(321)224-0393,clenoury6s@1und1.de
246,Marvin,Stein,46-(983)843-9698,mstein6t@prnewswire.com
247,Grenville,Daye,54-(786)629-4694,gdaye6u@illinois.edu
248,Brice,Craggs,509-(851)187-8932,bcraggs6v@pcworld.com
249,Oralla,Yearn,7-(473)533-2536,oyearn6w@nbcnews.com
250,Ulrike,Winterbottom,86-(244)654-2462,uwinterbottom6x@discuz.net
251,Cherye,Bolliver,62-(676)590-5541,cbolliver6y@simplemachines.org
252,Ranna,Rudgerd,7-(342)437-3664,rrudgerd6z@acquirethisname.com
253,Jefferey,Moxon,33-(645)946-6815,jmoxon70@wired.com
254,Bondie,Vanacci,52-(333)595-0156,bvanacci71@hostgator.com
255,Hyacintha,Philippou,212-(423)392-6829,hphilippou72@themeforest.net
256,Artur,Chatelain,33-(748)134-8843,achatelain73@newyorker.com
257,Gay,Courage,372-(128)533-3915,gcourage74@vkontakte.ru
258,Junie,Mariolle,506-(129)974-7747,jmariolle75@phoca.cz
259,Lynn,Blackstone,86-(356)738-0216,lblackstone76@ask.com
260,Orel,Whelan,249-(219)675-6734,owhelan77@imdb.com
261,Phoebe,Barizeret,7-(792)949-6754,pbarizeret78@eepurl.com
262,Hermine,Haselup,63-(890)673-5010,hhaselup79@census.gov
263,Barbey,Grinnikov,56-(591)180-6537,bgrinnikov7a@paypal.com
264,Milt,Durno,86-(391)319-4588,mdurno7b@bloglines.com
265,Udale,Bradfield,7-(339)306-9483,ubradfield7c@chronoengine.com
266,Hakeem,Yve,62-(717)368-0477,hyve7d@slashdot.org
267,Carey,Crayton,420-(505)887-2986,ccrayton7e@constantcontact.com
268,Frannie,Jandak,63-(246)840-7362,fjandak7f@live.com
269,Jarad,Baike,380-(115)408-7539,jbaike7g@dell.com
270,Guido,Moreinu,62-(237)152-5998,gmoreinu7h@phoca.cz
271,Cassandre,Bann,1-(215)216-8284,cbann7i@cdc.gov
272,Karlis,Frogley,86-(336)443-7367,kfrogley7j@yellowbook.com
273,Lettie,Kermon,963-(922)925-6537,lkermon7k@aol.com
274,Dean,Pendrid,7-(127)328-5950,dpendrid7l@squarespace.com
275,Roslyn,Cheng,45-(297)402-2850,rcheng7m@google.pl
276,Gay,Thunder,880-(324)112-6195,gthunder7n@xinhuanet.com
277,Kimbra,Rawsthorne,261-(795)638-7179,krawsthorne7o@infoseek.co.jp
278,Kissiah,Spada,86-(208)807-9790,kspada7p@xrea.com
279,Ami,Olifard,7-(436)200-5352,aolifard7q@delicious.com
280,Kenn,Cardinale,234-(835)216-0955,kcardinale7r@about.com
281,Elsa,Malam,30-(930)954-8973,emalam7s@earthlink.net
282,Emmi,Jenks,33-(429)326-7348,ejenks7t@nationalgeographic.com
283,Laurie,Goldsmith,63-(372)694-8952,lgoldsmith7u@netscape.com
284,Benedicta,Pickrell,33-(536)603-8958,bpickrell7v@statcounter.com
285,Stern,Meron,385-(654)988-0941,smeron7w@hc360.com
286,Geoff,Stace,375-(828)160-2336,gstace7x@surveymonkey.com
287,Merell,Keenan,55-(495)595-1838,mkeenan7y@nasa.gov
288,Daffi,Trimme,84-(911)932-4267,dtrimme7z@dion.ne.jp
289,Fabien,Michallat,502-(927)321-4341,fmichallat80@msu.edu
290,Windham,Venneur,39-(496)428-7802,wvenneur81@springer.com
291,Amitie,Clewett,86-(467)540-3654,aclewett82@google.pl
292,Corella,Jiroutek,62-(164)757-2343,cjiroutek83@deviantart.com
293,Isac,Aireton,1-(402)546-5797,iaireton84@archive.org
294,Cecilla,Grinnov,54-(994)491-1878,cgrinnov85@columbia.edu
295,Briano,McClean,267-(581)867-8896,bmcclean86@elegantthemes.com
296,Heath,Ugoni,55-(247)320-6177,hugoni87@webs.com
297,Adolph,Queyos,994-(179)980-2261,aqueyos88@apache.org
298,Tildi,Dowglass,86-(127)816-6136,tdowglass89@yolasite.com
299,Lief,Penton,7-(688)169-7384,lpenton8a@yahoo.co.jp
300,Harlene,Carbine,62-(217)716-3696,hcarbine8b@sakura.ne.jp
301,Blanche,Lengthorn,63-(798)901-2432,blengthorn8c@wordpress.com
302,Bil,Turmell,976-(707)898-8706,bturmell8d@pcworld.com
303,Alexa,Orchart,91-(200)511-8683,aorchart8e@domainmarket.com
304,Francis,Bedford,7-(375)109-1655,fbedford8f@uiuc.edu
305,Kerry,Whinney,86-(292)805-3322,kwhinney8g@hibu.com
306,Theo,Yeardley,48-(690)693-8970,tyeardley8h@nifty.com
307,Jenilee,Belverstone,86-(936)405-7566,jbelverstone8i@nationalgeographic.com
308,Cullen,Spinke,84-(274)525-8978,cspinke8j@sogou.com
309,Elvera,Brodhead,385-(688)462-6206,ebrodhead8k@army.mil
310,Lillis,Dennes,380-(625)736-7105,ldennes8l@unblog.fr
311,Zelda,Lishmund,226-(440)340-8225,zlishmund8m@timesonline.co.uk
312,Gusella,Imlach,63-(759)785-2916,gimlach8n@bbc.co.uk
313,Doralia,Davitti,7-(533)693-1636,ddavitti8o@spotify.com
314,Sidonnie,Vayro,48-(124)537-1563,svayro8p@home.pl
315,Karoly,De Cristoforo,962-(703)907-3066,kdecristoforo8q@e-recht24.de
316,Tami,Rens,593-(666)175-7789,trens8r@technorati.com
317,Douglass,Forsaith,33-(247)862-8307,dforsaith8s@howstuffworks.com
318,Phylis,Walicki,86-(180)522-0663,pwalicki8t@hatena.ne.jp
319,Zachariah,Kneafsey,62-(451)273-0519,zkneafsey8u@ucoz.ru
320,Alfons,Ruf,7-(837)838-4294,aruf8v@nydailynews.com
321,Barbey,Duckels,351-(814)467-6236,bduckels8w@scribd.com
322,Beverlie,Howland,62-(342)578-4655,bhowland8x@soundcloud.com
323,Claudianus,Weller,62-(868)543-4809,cweller8y@histats.com
324,Junia,Bourner,374-(100)981-9275,jbourner8z@hugedomains.com
325,Kerrin,Kernan,81-(899)486-7045,kkernan90@themeforest.net
326,Tedd,Chetham,7-(568)783-5805,tchetham91@naver.com
327,Leela,Perazzo,86-(484)592-9219,lperazzo92@technorati.com
328,Xymenes,Warrilow,380-(335)683-2097,xwarrilow93@histats.com
329,Stephanie,Crickmoor,54-(203)898-8371,scrickmoor94@macromedia.com
330,Gina,McTrustey,381-(134)466-2252,gmctrustey95@cnn.com
331,Christel,Smoth,86-(853)702-7974,csmoth96@addthis.com
332,Jeanette,Garnham,48-(148)902-6525,jgarnham97@w3.org
333,Leeann,Tallis,86-(879)282-9927,ltallis98@youtu.be
334,Haven,Tubbs,55-(593)721-4664,htubbs99@xing.com
335,Jennie,Worsnup,380-(484)745-7030,jworsnup9a@marriott.com
336,Dunc,Earle,86-(548)909-4854,dearle9b@earthlink.net
337,Jaymie,DeSousa,63-(275)454-5640,jdesousa9c@spotify.com
338,Sibley,Asals,1-(376)119-1899,sasals9d@un.org
339,Cassandry,Challice,86-(336)839-6253,cchallice9e@arizona.edu
340,Titus,Witling,351-(666)392-7116,twitling9f@europa.eu
341,Doe,Fadian,1-(746)526-1966,dfadian9g@springer.com
342,Fredric,Michie,33-(317)997-9681,fmichie9h@ifeng.com
343,Alfredo,Cicccitti,62-(392)854-8299,acicccitti9i@scribd.com
344,Jeremiah,Folland,86-(251)431-2110,jfolland9j@a8.net
345,Rene,Waterdrinker,33-(257)811-1699,rwaterdrinker9k@spotify.com
346,Rudolf,Carlet,48-(446)466-7702,rcarlet9l@independent.co.uk
347,Gaelan,Perceval,51-(125)810-6728,gperceval9m@php.net
348,Heinrick,Barnett,86-(904)676-8306,hbarnett9n@multiply.com
349,Conrad,Boribal,212-(845)648-1949,cboribal9o@ameblo.jp
350,Minetta,Delle,62-(512)474-8519,mdelle9p@surveymonkey.com
351,Allie,Tant,62-(265)286-6712,atant9q@chron.com
352,Leanora,Swinden,62-(995)655-0761,lswinden9r@youku.com
353,Wenonah,Dobel,7-(467)640-0635,wdobel9s@amazon.co.uk
354,Deina,Philps,63-(161)718-5358,dphilps9t@mac.com
355,Leanna,Dugdale,964-(971)316-1010,ldugdale9u@jugem.jp
356,Leshia,Sedgeman,386-(249)612-3392,lsedgeman9v@opensource.org
357,Gwenora,Scedall,86-(717)481-5918,gscedall9w@eventbrite.com
358,Lindie,Andretti,62-(107)245-3572,landretti9x@google.pl
359,Annabell,Caban,850-(795)421-4884,acaban9y@ucsd.edu
360,Robenia,Grece,7-(502)752-4004,rgrece9z@mlb.com
361,Karilynn,Drew-Clifton,48-(855)209-9307,kdrewcliftona0@theatlantic.com
362,Herby,Stove,86-(929)478-2130,hstovea1@spiegel.de
363,Granny,MacGown,351-(892)781-6259,gmacgowna2@home.pl
364,Meara,Knaggs,94-(689)677-3168,mknaggsa3@goodreads.com
365,Enos,Lockett,1-(231)495-4400,elocketta4@artisteer.com
366,Kerby,Alvarado,30-(366)601-7446,kalvaradoa5@tripadvisor.com
367,Bogart,Kingman,998-(138)284-3545,bkingmana6@w3.org
368,Lay,Bishopp,63-(623)298-4299,lbishoppa7@buzzfeed.com
369,Christan,Thomason,1-(212)162-0434,cthomasona8@utexas.edu
370,Desmond,Hayne,267-(597)414-0746,dhaynea9@yahoo.com
371,Maureene,Dzeniskevich,86-(825)936-4356,mdzeniskevichaa@icq.com
372,Duncan,Comford,55-(838)318-8640,dcomfordab@imdb.com
373,Parry,Tole,46-(202)890-3914,ptoleac@wired.com
374,Robers,Gollard,47-(524)937-2863,rgollardad@cam.ac.uk
375,Percival,Lombard,86-(831)809-0861,plombardae@xrea.com
376,Chelsey,Gudd,86-(647)596-0506,cguddaf@unc.edu
377,Charlena,Saxelby,86-(611)906-1234,csaxelbyag@japanpost.jp
378,Linoel,Borthwick,62-(706)702-0289,lborthwickah@studiopress.com
379,Harmonie,Johnsson,54-(679)279-3228,hjohnssonai@msn.com
380,Rriocard,Edwick,86-(406)613-0821,redwickaj@google.it
381,Berenice,Hane,62-(251)647-4162,bhaneak@va.gov
382,Sibyl,Stoffers,84-(748)764-5955,sstoffersal@ameblo.jp
383,Drud,Dumblton,63-(768)736-3057,ddumbltonam@themeforest.net
384,Padriac,Donaway,66-(495)368-2837,pdonawayan@miitbeian.gov.cn
385,Kerry,La Batie,86-(937)514-3319,klabatieao@twitter.com
386,Werner,Rollins,92-(856)933-0828,wrollinsap@boston.com
387,Bruis,Morales,86-(630)863-6337,bmoralesaq@hibu.com
388,Slade,Antoszewski,48-(851)419-3659,santoszewskiar@ca.gov
389,Buddy,Thurgood,63-(775)355-7041,bthurgoodas@mac.com
390,Tremaine,Maffeo,48-(185)922-9125,tmaffeoat@usa.gov
391,Aland,Valencia,351-(156)322-3603,avalenciaau@google.com.au
392,Damita,Sabatier,46-(344)496-4112,dsabatierav@skype.com
393,Tamas,Swyer-Sexey,373-(617)834-0836,tswyersexeyaw@diigo.com
394,Pepita,Yves,503-(181)776-0509,pyvesax@wikimedia.org
395,Cyndy,Keri,84-(563)346-8213,ckeriay@vinaora.com
396,Damaris,Skerm,86-(852)349-4582,dskermaz@mediafire.com
397,Dinny,Beckson,47-(873)921-4543,dbecksonb0@geocities.com
398,Sampson,Vondrys,33-(610)434-0315,svondrysb1@theglobeandmail.com
399,Dorine,Hockell,63-(406)326-6987,dhockellb2@cbc.ca
400,Morganica,Tampin,56-(346)380-5970,mtampinb3@nydailynews.com
401,Adolphus,Gotch,62-(290)468-9956,agotchb4@toplist.cz
402,Leodora,Toombes,234-(828)287-7399,ltoombesb5@state.tx.us
403,Florencia,Burkwood,92-(538)478-6560,fburkwoodb6@wordpress.com
404,Rhonda,Jentges,62-(413)531-3489,rjentgesb7@bing.com
405,Ulla,Binks,82-(232)929-0822,ubinksb8@etsy.com
406,Morgan,Powley,385-(489)997-5704,mpowleyb9@sina.com.cn
407,Lucia,Wiltsher,55-(472)366-7959,lwiltsherba@answers.com
408,Orelee,Mowat,387-(256)671-0231,omowatbb@desdev.cn
409,Renado,Tolworthie,33-(972)763-5776,rtolworthiebc@tmall.com
410,Ailene,Craig,1-(830)930-0814,acraigbd@usa.gov
411,Adolf,Rudland,33-(454)221-9207,arudlandbe@washingtonpost.com
412,Antoinette,Beddie,232-(952)918-8990,abeddiebf@desdev.cn
413,Donovan,Fearick,7-(522)262-3607,dfearickbg@narod.ru
414,Noelani,Longdon,62-(322)720-2430,nlongdonbh@sina.com.cn
415,Armin,Daglish,86-(405)583-5492,adaglishbi@themeforest.net
416,Dur,Garr,1-(368)385-1822,dgarrbj@prweb.com
417,Pall,Rapa,359-(279)398-6502,prapabk@merriam-webster.com
418,Errick,Claypoole,963-(929)350-1311,eclaypoolebl@domainmarket.com
419,Dorris,Lehenmann,86-(849)494-0371,dlehenmannbm@uol.com.br
420,Rosalinda,Exter,506-(719)784-5642,rexterbn@opera.com
421,Dedie,Klimentyonok,48-(591)285-6714,dklimentyonokbo@oracle.com
422,Donny,Harrismith,62-(672)774-2460,dharrismithbp@hhs.gov
423,Lavina,Kertess,62-(176)933-2502,lkertessbq@topsy.com
424,Merle,Chrismas,7-(563)740-6630,mchrismasbr@etsy.com
425,Brandon,Campling,62-(935)330-7717,bcamplingbs@google.cn
426,Shoshanna,Lishman,55-(147)323-6752,slishmanbt@guardian.co.uk
427,Don,Martensen,7-(219)534-7099,dmartensenbu@slate.com
428,Fabio,Housin,353-(654)735-0157,fhousinbv@nytimes.com
429,Vinita,Tooting,358-(869)943-1827,vtootingbw@parallels.com
430,Reube,Senussi,236-(472)632-6349,rsenussibx@joomla.org
431,Darin,Franck,62-(688)631-1285,dfranckby@google.it
432,Heinrik,Hoffmann,7-(769)533-2351,hhoffmannbz@squarespace.com
433,Garvy,Bane,86-(724)655-7668,gbanec0@cargocollective.com
434,Jolyn,Cramer,62-(533)521-1208,jcramerc1@indiatimes.com
435,Amandi,Swaddle,86-(585)620-8253,aswaddlec2@wp.com
436,Corabelle,Briskey,351-(454)959-4314,cbriskeyc3@chicagotribune.com
437,Drake,Barwood,58-(972)219-9196,dbarwoodc4@myspace.com
438,Cly,Padbery,48-(366)130-5983,cpadberyc5@webs.com
439,Meggi,Durnall,46-(311)564-4171,mdurnallc6@google.cn
440,Jane,Skeene,238-(712)652-9449,jskeenec7@taobao.com
441,Terrel,Jessopp,33-(329)744-3889,tjessoppc8@vk.com
442,Clarissa,O'Toole,359-(954)945-8956,cotoolec9@prnewswire.com
443,Eldon,Coopey,1-(719)627-2393,ecoopeyca@naver.com
444,Nancy,Readie,66-(165)338-9564,nreadiecb@wunderground.com
445,Casar,Normadell,62-(879)199-9983,cnormadellcc@tinyurl.com
446,Robin,Tibbles,503-(460)951-9718,rtibblescd@biglobe.ne.jp
447,Angie,Sawer,66-(342)127-5288,asawerce@4shared.com
448,Madeline,Blasl,371-(430)729-6971,mblaslcf@newyorker.com
449,Lacy,Scraggs,31-(569)229-5140,lscraggscg@booking.com
450,Ingrim,Lougheid,86-(157)305-2818,ilougheidch@163.com
451,John,Spadelli,970-(665)408-9629,jspadellici@archive.org
452,Bradney,Calles,385-(494)556-4739,bcallescj@blogspot.com
453,Devonne,Foltin,48-(177)671-8192,dfoltinck@amazonaws.com
454,Marigold,Staynes,86-(245)986-2208,mstaynescl@illinois.edu
455,Caye,Chadbourne,86-(731)738-1114,cchadbournecm@upenn.edu
456,Amelie,Lamberti,86-(929)237-5610,alamberticn@weebly.com
457,Lyndel,Stot,1-(269)922-8778,lstotco@walmart.com
458,Franky,Power,255-(286)775-0689,fpowercp@apache.org
459,Lorelle,Filipchikov,66-(137)923-9447,lfilipchikovcq@theglobeandmail.com
460,Tristam,Dannohl,63-(620)163-1633,tdannohlcr@nifty.com
461,Cazzie,Fountain,7-(937)798-5833,cfountaincs@examiner.com
462,Athena,Kolyagin,353-(499)734-0225,akolyaginct@de.vu
463,Janella,Hacksby,48-(360)679-7707,jhacksbycu@wix.com
464,Mariska,Baines,86-(539)818-4274,mbainescv@1und1.de
465,Filide,Mayer,36-(147)112-0013,fmayercw@weather.com
466,Tommie,Naylor,358-(305)409-3242,tnaylorcx@tripod.com
467,Isabelita,Pauls,62-(152)678-2303,ipaulscy@un.org
468,Kaitlin,Doddridge,380-(789)312-6578,kdoddridgecz@senate.gov
469,Jenine,Tonbye,81-(801)904-7269,jtonbyed0@networkadvertising.org
470,Heall,Kellett,46-(414)700-3064,hkellettd1@oakley.com
471,Tybie,Bauldrey,86-(260)278-2282,tbauldreyd2@4shared.com
472,Grant,Zambon,352-(299)170-4489,gzambond3@nsw.gov.au
473,Sile,Kedie,994-(269)718-6880,skedied4@google.com.au
474,Hastings,Harriman,216-(316)970-6082,hharrimand5@va.gov
475,Misti,Manntschke,963-(599)779-5891,mmanntschked6@nyu.edu
476,Tresa,Van der Kruys,33-(626)238-4257,tvanderkruysd7@kickstarter.com
477,Carry,Souster,62-(576)306-2234,csousterd8@topsy.com
478,Marco,Rapier,86-(253)617-5029,mrapierd9@wufoo.com
479,Janella,Scrowson,86-(731)176-0650,jscrowsonda@abc.net.au
480,Teddy,Osboldstone,420-(680)709-8329,tosboldstonedb@ezinearticles.com
481,Barnabe,Boustred,51-(196)667-2479,bboustreddc@columbia.edu
482,Brigham,Aartsen,86-(537)976-1021,baartsendd@bluehost.com
483,Ekaterina,Jelfs,62-(735)298-8105,ejelfsde@topsy.com
484,Rob,O'Brogane,86-(634)273-1366,robroganedf@desdev.cn
485,Cary,Bricksey,33-(688)850-2268,cbrickseydg@wunderground.com
486,Mirilla,Scutching,216-(344)603-1500,mscutchingdh@domainmarket.com
487,Marni,Segoe,57-(799)986-9531,msegoedi@g.co
488,Brandy,Feary,351-(514)772-3259,bfearydj@acquirethisname.com
489,Amanda,Kelledy,62-(844)193-0093,akelledydk@intel.com
490,Krystyna,Hairs,359-(708)125-2514,khairsdl@examiner.com
491,Tressa,Ashurst,54-(511)811-2731,tashurstdm@ebay.com
492,Bryanty,Joseph,850-(649)323-8796,bjosephdn@geocities.com
493,Emmeline,Cossey,46-(623)382-4241,ecosseydo@ucoz.ru
494,Fernande,Dady,1-(855)762-9597,fdadydp@bloomberg.com
495,Lesly,Rhucroft,7-(100)537-1810,lrhucroftdq@stanford.edu
496,Anjanette,Nation,92-(537)440-9387,anationdr@xinhuanet.com
497,Early,Peddel,33-(580)775-5617,epeddelds@china.com.cn
498,Aridatha,Monan,62-(717)825-5220,amonandt@edublogs.org
499,Findley,Moyle,52-(404)905-6497,fmoyledu@netvibes.com
500,Rozanna,Cluderay,7-(416)268-8037,rcluderaydv@goo.gl
501,Stanwood,Gosford,52-(777)869-0403,sgosforddw@booking.com
502,Hillary,Windows,46-(824)358-7730,hwindowsdx@businessinsider.com
503,Bard,Cristou,63-(977)380-5324,bcristoudy@stumbleupon.com
504,Ursuline,Clemas,62-(603)134-1698,uclemasdz@google.ru
505,Cass,Nuscha,234-(553)568-1572,cnuschae0@japanpost.jp
506,Lauritz,Lowde,358-(894)195-8633,llowdee1@uiuc.edu
507,Kaleena,Todaro,33-(396)763-2545,ktodaroe2@quantcast.com
508,Jaquenette,Schindler,261-(856)309-1788,jschindlere3@webeden.co.uk
509,Ennis,Mangon,62-(575)805-9817,emangone4@soundcloud.com
510,Cassandre,Malpas,51-(664)694-4024,cmalpase5@foxnews.com
511,Gabbey,Leethem,380-(212)632-5154,gleetheme6@narod.ru
512,Kandy,Hebard,964-(208)441-8506,khebarde7@gizmodo.com
513,Jocelyne,Eaddy,62-(572)573-6761,jeaddye8@guardian.co.uk
514,Eleni,Rebbeck,62-(938)502-7396,erebbecke9@google.co.jp
515,Leland,Crossfield,351-(301)855-5490,lcrossfieldea@zdnet.com
516,Sigmund,Bonnick,63-(125)279-0730,sbonnickeb@theglobeandmail.com
517,Adriena,Cappel,44-(132)113-5696,acappelec@miibeian.gov.cn
518,Lindy,Christophle,86-(670)979-0165,lchristophleed@dailymail.co.uk
519,Erv,Vigrass,86-(969)656-9835,evigrassee@xinhuanet.com
520,Matt,Karolczyk,53-(701)258-4652,mkarolczykef@hugedomains.com
521,Geri,Ferrone,33-(631)105-5737,gferroneeg@squarespace.com
522,Hersh,Marder,84-(755)251-8608,hmardereh@goo.gl
523,Aura,Pagett,389-(325)195-4919,apagettei@sciencedirect.com
524,Burnard,Spendlove,81-(248)487-4729,bspendloveej@lycos.com
525,Ann,MacAleese,52-(211)306-8415,amacaleeseek@columbia.edu
526,Ludovico,Durnford,62-(411)695-2610,ldurnfordel@youku.com
527,Grazia,Konert,212-(277)156-7127,gkonertem@yahoo.com
528,Ariella,Worlidge,358-(312)838-3908,aworlidgeen@census.gov
529,Harwell,Goldsberry,98-(541)284-2548,hgoldsberryeo@xing.com
530,Aundrea,Edmenson,53-(288)958-9661,aedmensonep@businessweek.com
531,Wolfie,Limbert,86-(618)884-1525,wlimberteq@redcross.org
532,Kerstin,Barkas,86-(979)396-6549,kbarkaser@squarespace.com
533,Erroll,Aberkirder,7-(487)539-7155,eaberkirderes@imgur.com
534,Farand,Yve,351-(441)154-6226,fyveet@theglobeandmail.com
535,Daria,Jorgesen,62-(718)382-1304,djorgeseneu@ebay.co.uk
536,Thorin,Behan,60-(188)208-3919,tbehanev@tumblr.com
537,Gallagher,Batchley,358-(136)368-7814,gbatchleyew@booking.com
538,Sidonia,Knapper,998-(337)248-5866,sknapperex@issuu.com
539,Jo,Kunze,62-(778)535-9865,jkunzeey@last.fm
540,Larina,Oddey,216-(541)273-3728,loddeyez@sfgate.com
541,Scarface,Schwaiger,380-(438)241-4292,sschwaigerf0@huffingtonpost.com
542,Clarisse,Setford,249-(215)874-3644,csetfordf1@123-reg.co.uk
543,Theresa,Wride,420-(232)687-2458,twridef2@sciencedaily.com
544,Harmony,Glavis,55-(739)474-0963,hglavisf3@stanford.edu
545,Trevor,Eliet,994-(142)120-6923,telietf4@sina.com.cn
546,Kristofer,Lindegard,55-(941)584-9755,klindegardf5@themeforest.net
547,Netti,Shills,234-(894)832-9480,nshillsf6@adobe.com
548,Courtnay,Dykas,86-(895)543-8135,cdykasf7@domainmarket.com
549,Ginnie,Gallego,86-(262)811-9476,ggallegof8@webs.com
550,Darb,Esp,86-(968)347-0402,despf9@webeden.co.uk
551,Janie,Sparkes,1-(536)729-6034,jsparkesfa@google.pl
552,Erhard,Raincin,33-(510)478-8070,eraincinfb@msn.com
553,Murial,Skures,62-(667)933-0384,mskuresfc@furl.net
554,Morse,Winks,86-(233)878-6297,mwinksfd@taobao.com
555,Darcee,Chieco,351-(844)810-7126,dchiecofe@seesaa.net
556,Tami,Capeloff,31-(346)228-7683,tcapeloffff@yale.edu
557,Denny,Gahan,62-(183)142-8344,dgahanfg@squidoo.com
558,Nye,Plomer,86-(475)718-8394,nplomerfh@java.com
559,Konstantin,Membry,7-(175)112-0682,kmembryfi@baidu.com
560,Millicent,Boch,370-(995)457-9849,mbochfj@forbes.com
561,Meredithe,Quare,375-(626)780-0605,mquarefk@chronoengine.com
562,Katusha,Glazier,86-(860)717-4720,kglazierfl@howstuffworks.com
563,Abigail,Floyd,1-(419)968-2716,afloydfm@flickr.com
564,Ebeneser,Orrell,86-(441)119-0318,eorrellfn@mail.ru
565,Brocky,Gullam,63-(835)382-1356,bgullamfo@dagondesign.com
566,Aurie,Johansson,62-(889)480-0679,ajohanssonfp@ebay.com
567,Immanuel,Gailor,63-(169)195-8688,igailorfq@ocn.ne.jp
568,Genevra,Forrestall,66-(442)612-2685,gforrestallfr@spiegel.de
569,Pattie,Barkess,84-(516)846-0118,pbarkessfs@odnoklassniki.ru
570,Magdalena,Brasher,7-(698)838-8224,mbrasherft@alexa.com
571,Dulciana,Bento,7-(634)563-2997,dbentofu@miibeian.gov.cn
572,Aili,Addionisio,7-(882)389-4365,aaddionisiofv@samsung.com
573,Tracey,Binnion,55-(113)157-0269,tbinnionfw@alexa.com
574,Chico,Eye,261-(132)146-7913,ceyefx@spotify.com
575,Brantley,Comettoi,48-(863)230-7876,bcomettoify@sakura.ne.jp
576,Sande,Henner,48-(440)111-5189,shennerfz@blogspot.com
577,Peg,Howroyd,63-(942)265-5370,phowroydg0@hud.gov
578,Abelard,Purkess,48-(608)805-4208,apurkessg1@businesswire.com
579,Lori,Carlone,86-(646)884-2719,lcarloneg2@nature.com
580,Elliott,Heathwood,82-(690)593-3308,eheathwoodg3@engadget.com
581,Kermy,Danzey,86-(116)785-0184,kdanzeyg4@scientificamerican.com
582,Marv,Alanbrooke,86-(537)885-9217,malanbrookeg5@japanpost.jp
583,Rebecca,Pharaoh,212-(560)842-2600,rpharaohg6@auda.org.au
584,Godfree,Fishleigh,7-(939)838-5385,gfishleighg7@ow.ly
585,Clayborne,Hoggan,86-(862)225-6055,choggang8@google.nl
586,Del,Scampion,86-(781)619-8467,dscampiong9@edublogs.org
587,Yuri,Kibbye,86-(529)552-1752,ykibbyega@1und1.de
588,Buckie,Sealeaf,353-(159)487-8156,bsealeafgb@hao123.com
589,Emlen,Knighton,31-(569)341-8510,eknightongc@paypal.com
590,Jim,Tyrone,7-(271)923-5215,jtyronegd@tamu.edu
591,Emilia,Olivo,370-(191)303-3706,eolivoge@springer.com
592,Panchito,Shynn,86-(662)383-4241,pshynngf@delicious.com
593,Roxine,Jaffrey,7-(503)374-7735,rjaffreygg@cargocollective.com
594,Papagena,Yakushkin,62-(901)513-4419,pyakushkingh@harvard.edu
595,Elias,Cottesford,63-(795)540-8861,ecottesfordgi@dagondesign.com
596,Gweneth,Haddeston,98-(999)866-7831,ghaddestongj@google.it
597,Tait,Meldrum,62-(761)579-0655,tmeldrumgk@youtube.com
598,Owen,Henriet,48-(725)139-2498,ohenrietgl@cmu.edu
599,Burch,Gallard,375-(820)407-5882,bgallardgm@ftc.gov
600,Royall,Bison,86-(100)778-4726,rbisongn@sciencedaily.com
601,Baudoin,Humbles,46-(271)378-2652,bhumblesgo@feedburner.com
602,Mame,Duckers,81-(897)229-3551,mduckersgp@bing.com
603,Raddie,Rosel,61-(173)603-6309,rroselgq@ustream.tv
604,Masha,Togwell,86-(679)467-4165,mtogwellgr@apache.org
605,Nico,Fissenden,86-(289)914-9041,nfissendengs@ted.com
606,Heidi,Bielfelt,507-(202)811-0761,hbielfeltgt@businessinsider.com
607,Reggie,Itzig,62-(652)636-0394,ritziggu@photobucket.com
608,Porty,Collyear,505-(316)588-6002,pcollyeargv@alexa.com
609,Sherill,Erskin,86-(288)244-4841,serskingw@merriam-webster.com
610,Tedmund,Davidofski,86-(457)670-4840,tdavidofskigx@weibo.com
611,Kriste,Gabbitas,86-(985)293-7827,kgabbitasgy@blogspot.com
612,Cornelle,Uccelli,351-(166)654-1812,cuccelligz@apple.com
613,Dalenna,Carlick,994-(910)293-9114,dcarlickh0@newyorker.com
614,Grantley,Stansall,7-(176)941-3578,gstansallh1@npr.org
615,Zeke,Shreve,66-(898)158-0089,zshreveh2@topsy.com
616,Annetta,Westrip,86-(220)366-2921,awestriph3@ow.ly
617,Corby,Camerello,86-(264)878-9451,ccamerelloh4@senate.gov
618,Ardra,Eades,7-(398)720-4195,aeadesh5@cam.ac.uk
619,Fabe,Gornal,84-(656)636-5817,fgornalh6@fema.gov
620,Chic,Van Arsdalen,86-(666)188-3777,cvanarsdalenh7@edublogs.org
621,Babb,Jurgensen,994-(931)700-5615,bjurgensenh8@latimes.com
622,Faber,Cona,58-(473)257-7997,fconah9@ifeng.com
623,Rasia,Rackstraw,1-(670)328-7650,rrackstrawha@1und1.de
624,Morry,Anmore,62-(220)668-3667,manmorehb@ftc.gov
625,Maggee,Meardon,998-(509)767-1055,mmeardonhc@amazonaws.com
626,Nisse,Gratrix,972-(518)363-6929,ngratrixhd@google.pl
627,Myrwyn,Welford,62-(562)860-2890,mwelfordhe@shop-pro.jp
628,Roxy,Gumby,86-(820)612-1362,rgumbyhf@163.com
629,Loise,Moulsdall,47-(753)610-1855,lmoulsdallhg@4shared.com
630,Ewan,Indgs,53-(163)719-2785,eindgshh@admin.ch
631,Madelle,Shilling,62-(597)643-3746,mshillinghi@vistaprint.com
632,Stormi,Bickle,46-(292)203-4461,sbicklehj@answers.com
633,Eliot,Iacovazzi,420-(900)361-9311,eiacovazzihk@xrea.com
634,Jamie,Condliffe,86-(108)221-9907,jcondliffehl@prweb.com
635,Chilton,Baggaley,63-(563)935-5475,cbaggaleyhm@chronoengine.com
636,Adey,Boud,387-(729)409-5568,aboudhn@stanford.edu
637,Peirce,Stolle,7-(319)595-9455,pstolleho@mysql.com
638,Theodosia,Backwell,93-(900)541-7379,tbackwellhp@mashable.com
639,Alexandra,Lammerts,86-(559)594-6806,alammertshq@sphinn.com
640,Margy,Sherwin,86-(425)767-8822,msherwinhr@indiatimes.com
641,Minor,Branca,502-(342)744-4496,mbrancahs@icio.us
642,Lynnet,Millery,33-(457)482-5712,lmilleryht@wordpress.org
643,Kym,Noddings,86-(815)491-8733,knoddingshu@parallels.com
644,Pernell,Sawart,505-(832)408-5365,psawarthv@theatlantic.com
645,Vic,Bell,62-(543)899-3013,vbellhw@imdb.com
646,Arda,Milella,62-(578)186-6618,amilellahx@oracle.com
647,Wyn,Sall,62-(224)669-2256,wsallhy@techcrunch.com
648,Myra,Helsdon,60-(552)584-1482,mhelsdonhz@hud.gov
649,Kristoffer,Lettsom,62-(461)615-3357,klettsomi0@ocn.ne.jp
650,Jacintha,Prestland,86-(561)745-5196,jprestlandi1@arizona.edu
651,Jamil,Habin,255-(468)625-8498,jhabini2@archive.org
652,Delilah,Merrikin,52-(458)356-2746,dmerrikini3@edublogs.org
653,Micki,Dowzell,27-(518)945-8560,mdowzelli4@engadget.com
654,Lazare,Stapels,62-(602)798-2993,lstapelsi5@odnoklassniki.ru
655,Millisent,Gritten,47-(636)792-3281,mgritteni6@berkeley.edu
656,Gaspard,Klisch,62-(657)798-1878,gklischi7@github.com
657,Hanna,Gellion,1-(940)607-8806,hgellioni8@drupal.org
658,Knox,Czadla,691-(850)371-7110,kczadlai9@mapquest.com
659,Elenore,Artin,62-(667)405-3501,eartinia@posterous.com
660,Modestia,Breckin,86-(679)938-0187,mbreckinib@example.com
661,Mayne,Ruler,51-(353)807-7109,mruleric@meetup.com
662,Evan,Ceschelli,504-(865)508-9684,eceschelliid@yellowpages.com
663,Carl,Bugdell,55-(504)651-8239,cbugdellie@ycombinator.com
664,Herbert,McLaggan,55-(221)417-0849,hmclagganif@yahoo.com
665,Timmi,Delepine,380-(600)577-6560,tdelepineig@zimbio.com
666,Ladonna,Kruschev,351-(140)163-0646,lkruschevih@myspace.com
667,Kirby,Fewless,48-(372)271-5537,kfewlessii@house.gov
668,Alvinia,Wiffill,223-(405)187-3586,awiffillij@cpanel.net
669,Agna,Fogel,44-(413)734-9035,afogelik@state.tx.us
670,Cherry,Paragreen,1-(202)506-7927,cparagreenil@ucsd.edu
671,Cyrus,Yarr,86-(657)629-9883,cyarrim@php.net
672,Weber,Hartburn,351-(263)468-2304,whartburnin@godaddy.com
673,Innis,McHardy,54-(293)742-5487,imchardyio@patch.com
674,Dukey,Farrah,86-(516)604-4218,dfarrahip@weebly.com
675,Joy,Rodriguez,33-(370)256-8205,jrodrigueziq@sourceforge.net
676,Marsiella,Eberts,51-(108)944-4754,mebertsir@miibeian.gov.cn
677,Ora,Van Oord,86-(455)512-8458,ovanoordis@slate.com
678,Elenore,Borrill,51-(278)187-5469,eborrillit@woothemes.com
679,Franky,Beauchamp,48-(201)261-8642,fbeauchampiu@nsw.gov.au
680,Ashbey,Blackden,63-(938)637-0878,ablackdeniv@youtu.be
681,Redford,Fridlington,256-(282)652-3682,rfridlingtoniw@theglobeandmail.com
682,Joseito,Kingswood,62-(342)906-1136,jkingswoodix@tuttocitta.it
683,Law,Dungee,62-(503)413-0911,ldungeeiy@gizmodo.com
684,Jaquelin,Derks,55-(346)816-1041,jderksiz@homestead.com
685,Gearalt,Morson,1-(763)204-5938,gmorsonj0@amazon.co.jp
686,Wallie,Smeath,86-(177)664-8749,wsmeathj1@google.nl
687,Leyla,Hamblett,1-(409)580-6053,lhamblettj2@uol.com.br
688,Humberto,Muckleston,372-(929)890-7561,hmucklestonj3@webeden.co.uk
689,Pooh,Quincee,62-(746)932-4248,pquinceej4@ask.com
690,Esmeralda,Synnott,30-(920)358-4709,esynnottj5@earthlink.net
691,Grange,Daniels,51-(100)711-0217,gdanielsj6@about.com
692,Elbertine,Stevenson,86-(154)504-3164,estevensonj7@webs.com
693,Joline,Treeby,216-(584)553-0244,jtreebyj8@com.com
694,Elka,Critchard,62-(165)327-0945,ecritchardj9@wufoo.com
695,Avery,Briggdale,86-(790)160-4937,abriggdaleja@techcrunch.com
696,Corbett,Dmisek,46-(707)696-4009,cdmisekjb@nhs.uk
697,Neron,McInulty,48-(156)578-7601,nmcinultyjc@bluehost.com
698,Engelbert,Goward,86-(438)189-8751,egowardjd@uol.com.br
699,Byran,Begg,502-(453)210-8246,bbeggje@nature.com
700,Bendick,Elsie,55-(643)906-5099,belsiejf@japanpost.jp
701,Ashly,O'Hagirtie,84-(188)644-6120,aohagirtiejg@arizona.edu
702,Emmery,Hancock,52-(240)294-8123,ehancockjh@house.gov
703,Rubina,Ranken,62-(937)643-3999,rrankenji@vimeo.com
704,Joice,Janak,47-(257)211-6787,jjanakjj@hugedomains.com
705,Sallie,Kettoe,27-(662)831-6351,skettoejk@studiopress.com
706,Herby,Searson,506-(465)142-3170,hsearsonjl@alibaba.com
707,Lilas,Shaylor,86-(626)565-4365,lshaylorjm@php.net
708,Townie,Kerne,7-(903)496-0837,tkernejn@usnews.com
709,Konstantin,Keppel,358-(852)599-8493,kkeppeljo@yandex.ru
710,Gerianne,Ashfold,593-(975)540-4423,gashfoldjp@ucsd.edu
711,Phyllida,Delhanty,46-(820)230-4462,pdelhantyjq@amazon.co.uk
712,Aeriela,Leggatt,234-(588)581-2303,aleggattjr@dagondesign.com
713,Sammie,Kilrow,420-(506)190-3093,skilrowjs@census.gov
714,Thea,Sabater,86-(413)631-2811,tsabaterjt@themeforest.net
715,Sula,Hawarden,1-(515)908-3123,shawardenju@tinypic.com
716,Glad,Loveridge,380-(682)478-5283,gloveridgejv@upenn.edu
717,Stanfield,Wilbor,7-(336)892-6320,swilborjw@ebay.com
718,Waiter,Aspinal,86-(626)835-9294,waspinaljx@xinhuanet.com
719,Dottie,Mease,48-(407)597-7479,dmeasejy@spotify.com
720,Noll,Zapata,62-(150)361-6369,nzapatajz@prweb.com
721,Caresa,Chantler,63-(450)296-9305,cchantlerk0@cdbaby.com
722,Murry,Tocknell,7-(482)988-2940,mtocknellk1@sitemeter.com
723,Juanita,Brome,86-(938)578-6728,jbromek2@xing.com
724,Othilie,Moret,47-(865)678-2861,omoretk3@cbc.ca
725,Uta,Calley,86-(512)438-5127,ucalleyk4@unc.edu
726,Eddy,Coggell,63-(755)128-9421,ecoggellk5@sourceforge.net
727,Dirk,Rosendorf,86-(553)862-1168,drosendorfk6@ow.ly
728,Rudyard,Marchiso,387-(845)563-6376,rmarchisok7@walmart.com
729,Olwen,Robinette,998-(233)625-7551,orobinettek8@nba.com
730,Shadow,Alster,55-(490)314-5229,salsterk9@dagondesign.com
731,Jerrie,Baston,1-(941)649-7184,jbastonka@apple.com
732,Marena,Wyd,7-(396)167-2349,mwydkb@nih.gov
733,Scotti,Daenen,54-(319)737-5514,sdaenenkc@clickbank.net
734,Dara,Yair,86-(226)623-8169,dyairkd@hhs.gov
735,Arlen,Neave,54-(975)699-5308,aneaveke@unesco.org
736,Franklin,Warre,55-(551)725-4466,fwarrekf@canalblog.com
737,Kalindi,Andrelli,62-(486)383-8045,kandrellikg@typepad.com
738,Moshe,Predohl,55-(761)159-6979,mpredohlkh@pagesperso-orange.fr
739,Jerald,Turnpenny,33-(121)741-1522,jturnpennyki@admin.ch
740,Yuma,Davidsen,86-(769)787-0262,ydavidsenkj@diigo.com
741,Lari,Elphinstone,86-(167)959-3570,lelphinstonekk@discuz.net
742,Vick,Batten,86-(890)973-6443,vbattenkl@google.pl
743,Frederigo,Spittall,63-(286)216-2646,fspittallkm@shinystat.com
744,Bentley,Townsend,244-(183)927-8758,btownsendkn@chron.com
745,Ashlin,Melsom,7-(172)822-6393,amelsomko@dailymail.co.uk
746,Wakefield,Kornilyev,1-(974)988-4084,wkornilyevkp@fotki.com
747,Rickert,Kingsbury,691-(848)987-4291,rkingsburykq@issuu.com
748,Ferd,Gellion,62-(389)685-6427,fgellionkr@opensource.org
749,Yanaton,Dikelin,351-(652)776-4930,ydikelinks@comsenz.com
750,Kissie,Shellibeer,56-(819)815-7213,kshellibeerkt@newyorker.com
751,Anette,Crannis,86-(385)883-6578,acrannisku@mapquest.com
752,Rita,Farebrother,1-(842)730-7720,rfarebrotherkv@google.com.au
753,Alexio,Trussell,1-(480)164-4934,atrussellkw@uol.com.br
754,Krisha,Kidde,86-(402)556-6493,kkiddekx@psu.edu
755,Nelson,Daingerfield,86-(957)639-0087,ndaingerfieldky@japanpost.jp
756,Nanice,Scotchmore,94-(578)912-8117,nscotchmorekz@geocities.jp
757,Artemus,Stribling,55-(677)803-9078,astriblingl0@lycos.com
758,Mariel,Doring,62-(986)978-5630,mdoringl1@howstuffworks.com
759,Tiena,Conaboy,62-(681)468-2017,tconaboyl2@state.gov
760,Jo,Bonnavant,27-(940)976-5068,jbonnavantl3@sphinn.com
761,Denny,Orbine,62-(317)383-3840,dorbinel4@alibaba.com
762,Luce,Grimsell,370-(963)848-3811,lgrimselll5@vistaprint.com
763,Laurette,Reisenberg,63-(259)138-6542,lreisenbergl6@slideshare.net
764,Traver,Balhatchet,7-(795)784-4532,tbalhatchetl7@oracle.com
765,Roddie,Flinders,420-(858)681-0676,rflindersl8@multiply.com
766,Uriah,Towne,62-(973)370-4876,utownel9@bloglines.com
767,Cleveland,Wickett,1-(157)291-1174,cwickettla@dropbox.com
768,Tan,Showen,33-(161)110-4574,tshowenlb@mayoclinic.com
769,Cristy,Dobel,86-(893)658-2718,cdobellc@opensource.org
770,Brandise,Mayger,33-(961)988-6092,bmaygerld@reverbnation.com
771,Yorker,Robelet,46-(749)977-1937,yrobeletle@studiopress.com
772,Royall,Alison,66-(971)706-2272,ralisonlf@chronoengine.com
773,Kenn,Pidwell,62-(214)155-4347,kpidwelllg@psu.edu
774,Krisha,Hanhart,380-(299)881-6274,khanhartlh@hp.com
775,Lyn,Engledow,55-(745)188-7828,lengledowli@oracle.com
776,Arlie,Andrzej,46-(959)461-9395,aandrzejlj@com.com
777,Denny,Greeves,62-(642)422-0659,dgreeveslk@constantcontact.com
778,Sydney,Conaboy,54-(116)962-4283,sconaboyll@fastcompany.com
779,Teresa,Greep,54-(552)882-9269,tgreeplm@ebay.com
780,Kim,Tuxsell,92-(428)145-5753,ktuxsellln@who.int
781,Josee,Battle,86-(324)981-0193,jbattlelo@forbes.com
782,Jeanelle,Jeannesson,66-(485)788-2007,jjeannessonlp@prnewswire.com
783,Sophronia,Holmyard,86-(791)380-8728,sholmyardlq@reuters.com
784,Kipp,Monger,358-(221)566-6053,kmongerlr@webnode.com
785,Mira,Mebes,86-(126)861-8712,mmebesls@statcounter.com
786,Natassia,Hobell,31-(785)935-1782,nhobelllt@sphinn.com
787,Ardella,Cornewell,7-(584)620-4031,acornewelllu@hao123.com
788,Brien,Dunthorn,1-(606)209-4922,bdunthornlv@amazon.co.jp
789,Noe,Ferrierio,63-(572)346-4970,nferrieriolw@meetup.com
790,Raven,Deschlein,242-(757)945-7978,rdeschleinlx@smh.com.au
791,Malynda,Simak,7-(284)972-4950,msimakly@loc.gov
792,Noby,Cosgriff,54-(299)641-2843,ncosgrifflz@example.com
793,Randi,Jedryka,93-(135)534-5601,rjedrykam0@liveinternet.ru
794,Tamar,Wheelband,63-(245)932-0930,twheelbandm1@creativecommons.org
795,Fons,Stuckow,62-(385)114-3437,fstuckowm2@discuz.net
796,Kassandra,Lammin,54-(411)604-9125,klamminm3@google.it
797,Lebbie,Sked,380-(296)134-1810,lskedm4@smh.com.au
798,Maddy,Gimber,86-(640)332-7697,mgimberm5@oracle.com
799,Mela,Piele,84-(278)758-5206,mpielem6@weather.com
800,Romonda,Barrington,380-(801)618-4715,rbarringtonm7@upenn.edu
801,Donielle,Tummasutti,7-(688)215-1937,dtummasuttim8@oracle.com
802,Mehetabel,Scarce,62-(487)472-9082,mscarcem9@bravesites.com
803,Diarmid,Laville,7-(162)801-5759,dlavillema@php.net
804,Tracee,Francecione,263-(319)502-0525,tfrancecionemb@free.fr
805,Nerty,Gietz,62-(350)521-0245,ngietzmc@ezinearticles.com
806,Malia,Matzaitis,972-(917)581-6863,mmatzaitismd@wix.com
807,Franzen,Phipps,234-(706)854-4464,fphippsme@digg.com
808,Glynda,Poynter,387-(646)833-4410,gpoyntermf@narod.ru
809,Hagan,O'Hare,7-(232)579-0616,hoharemg@eventbrite.com
810,Candra,Swinley,1-(248)732-4714,cswinleymh@admin.ch
811,Eldredge,Blacktin,57-(293)861-5941,eblacktinmi@twitter.com
812,Kerstin,De Mitris,86-(902)150-4284,kdemitrismj@timesonline.co.uk
813,Carolann,Southerill,86-(851)263-6977,csoutherillmk@cloudflare.com
814,Claybourne,Klemps,86-(460)275-9531,cklempsml@hostgator.com
815,Joseito,Ingleton,256-(730)558-0165,jingletonmm@behance.net
816,Barret,Linwood,55-(343)807-3988,blinwoodmn@cornell.edu
817,Alair,Beeswing,86-(598)160-0293,abeeswingmo@furl.net
818,Kara-lynn,Senussi,51-(739)910-8761,ksenussimp@blogspot.com
819,Gerald,Westlake,92-(666)939-2401,gwestlakemq@wp.com
820,Celka,Vidineev,86-(256)936-4208,cvidineevmr@comcast.net
821,Lorry,Vynoll,351-(349)511-7114,lvynollms@free.fr
822,Benjie,Mully,63-(189)842-1923,bmullymt@wunderground.com
823,Alberto,Dinneen,265-(715)832-3443,adinneenmu@google.pl
824,Nicko,Lowes,420-(835)117-8613,nlowesmv@harvard.edu
825,Dana,Lowfill,82-(640)329-9515,dlowfillmw@etsy.com
826,Aurlie,Ferronel,264-(887)948-9534,aferronelmx@baidu.com
827,Barrett,Iacomi,86-(904)850-6746,biacomimy@cdbaby.com
828,Eachelle,Lissandrini,86-(383)627-8295,elissandrinimz@opensource.org
829,Danell,Rummin,27-(352)272-9091,drumminn0@google.com.au
830,Markus,Jarrold,62-(695)770-5637,mjarroldn1@slideshare.net
831,Lorant,Brimmell,86-(162)485-1995,lbrimmelln2@columbia.edu
832,Elsy,Bingley,976-(228)952-6159,ebingleyn3@oracle.com
833,Sibyl,Pere,57-(511)155-7546,speren4@gov.uk
834,Kat,Eliyahu,86-(164)955-7888,keliyahun5@yolasite.com
835,Shannon,Baudi,48-(750)870-5632,sbaudin6@who.int
836,Rochester,Alexis,53-(277)718-2511,ralexisn7@icq.com
837,Katie,Gerge,254-(744)129-6081,kgergen8@creativecommons.org
838,Roberto,Murdie,234-(475)712-3272,rmurdien9@alexa.com
839,Zsa zsa,Langtry,7-(381)136-7340,zlangtryna@spotify.com
840,Terri-jo,Fagge,62-(625)482-2891,tfaggenb@census.gov
841,Skip,Josefs,62-(708)961-1902,sjosefsnc@hp.com
842,Genna,Fairbrass,856-(617)484-5616,gfairbrassnd@alibaba.com
843,Darryl,Ferrelli,48-(362)171-6950,dferrelline@nature.com
844,Douglass,Johnes,86-(832)383-0859,djohnesnf@woothemes.com
845,Rabbi,Gloster,420-(436)402-3564,rglosterng@webs.com
846,Adolf,Gilchrist,54-(612)601-0109,agilchristnh@pagesperso-orange.fr
847,Rasia,Summerson,48-(843)154-5620,rsummersonni@omniture.com
848,Daphna,McCurrie,27-(944)135-5130,dmccurrienj@addtoany.com
849,Joletta,Pemberton,86-(804)992-3422,jpembertonnk@artisteer.com
850,Lorry,Winterborne,62-(162)942-3004,lwinterbornenl@pen.io
851,Domeniga,Prisk,48-(109)639-8695,dprisknm@pcworld.com
852,Collie,Attersoll,976-(782)739-7792,cattersollnn@bravesites.com
853,Paulette,McReynold,30-(233)593-6187,pmcreynoldno@salon.com
854,Carmina,Pawlowicz,63-(422)979-2925,cpawlowicznp@technorati.com
855,Helaina,Helstrom,964-(942)813-3942,hhelstromnq@cdc.gov
856,Jess,Ruske,63-(989)677-0023,jruskenr@prnewswire.com
857,Stacia,Summerly,258-(182)823-7500,ssummerlyns@bigcartel.com
858,Darbee,McDonogh,86-(198)890-7544,dmcdonoghnt@telegraph.co.uk
859,Donielle,Caudwell,86-(173)445-0289,dcaudwellnu@foxnews.com
860,Bren,Priscott,62-(928)193-5796,bpriscottnv@businesswire.com
861,Lawton,Siviter,62-(185)171-8346,lsiviternw@privacy.gov.au
862,Angus,Peyro,234-(484)401-3370,apeyronx@google.es
863,Janice,Kleynen,86-(839)579-8523,jkleynenny@noaa.gov
864,Smitty,Kettle,81-(376)616-8513,skettlenz@altervista.org
865,Tiphanie,Joanic,380-(721)708-9860,tjoanico0@php.net
866,Valentine,Yarrall,992-(943)581-6249,vyarrallo1@globo.com
867,Darcey,Ungerer,62-(146)750-7769,dungerero2@biblegateway.com
868,Bealle,Radeliffe,380-(461)217-2712,bradeliffeo3@webnode.com
869,Dagmar,Southeran,30-(749)213-8655,dsoutherano4@hao123.com
870,Claiborne,Rimbault,82-(408)868-8198,crimbaulto5@wiley.com
871,Katrine,Fussie,55-(865)187-7870,kfussieo6@springer.com
872,Kinny,McCorley,60-(948)242-5917,kmccorleyo7@amazon.co.jp
873,Zondra,Dixson,62-(834)753-0741,zdixsono8@nydailynews.com
874,Stephan,Radborn,48-(418)166-6722,sradborno9@reddit.com
875,Anthe,Tokell,57-(975)488-9831,atokelloa@devhub.com
876,Brandon,McDuall,358-(519)199-3217,bmcduallob@parallels.com
877,Pryce,Johnikin,86-(320)153-9326,pjohnikinoc@cnet.com
878,Travers,Dmitrienko,84-(467)951-9094,tdmitrienkood@unicef.org
879,Siobhan,Jedrzaszkiewicz,62-(740)259-2164,sjedrzaszkiewiczoe@nifty.com
880,Jami,Samuel,86-(697)184-0248,jsamuelof@qq.com
881,Alvira,Lissaman,964-(536)500-4005,alissamanog@cbc.ca
882,Selby,Wylam,253-(792)522-6625,swylamoh@state.tx.us
883,Kain,Scates,351-(488)206-5712,kscatesoi@biglobe.ne.jp
884,Fonz,O'Sharkey,963-(324)533-6822,fosharkeyoj@alexa.com
885,Cary,MacGuigan,62-(692)242-6486,cmacguiganok@jigsy.com
886,Moyna,Blance,7-(364)332-3737,mblanceol@hc360.com
887,Penrod,Richold,48-(979)726-8017,pricholdom@ucoz.ru
888,Windy,Donoghue,62-(361)495-3962,wdonoghueon@webeden.co.uk
889,Mirilla,Qualtro,86-(411)727-8005,mqualtrooo@soundcloud.com
890,Idalia,Robbey,51-(992)400-4429,irobbeyop@constantcontact.com
891,Cort,Medlin,54-(229)356-7384,cmedlinoq@cnn.com
892,Halimeda,Kevane,48-(534)253-1779,hkevaneor@tamu.edu
893,Abigale,Deniso,249-(437)899-2355,adenisoos@abc.net.au
894,Fulvia,Caldecot,86-(389)520-6573,fcaldecotot@deliciousdays.com
895,Gaby,Shapcote,44-(746)723-7622,gshapcoteou@icio.us
896,Monica,Braunthal,86-(116)974-0705,mbraunthalov@purevolume.com
897,Vincenty,Maskrey,63-(207)428-1349,vmaskreyow@paypal.com
898,Minetta,Leschelle,1-(759)765-8891,mleschelleox@joomla.org
899,Muire,Olivi,223-(247)591-7642,molivioy@vkontakte.ru
900,Marsha,Jefferies,63-(777)211-0124,mjefferiesoz@google.co.uk
901,Valeda,Govey,86-(679)210-8925,vgoveyp0@acquirethisname.com
902,Loydie,Whittock,51-(135)666-7930,lwhittockp1@accuweather.com
903,Tiebout,Symms,62-(930)480-3686,tsymmsp2@sohu.com
904,Jeanelle,Spanswick,84-(325)225-9391,jspanswickp3@usnews.com
905,Tyson,Cassar,86-(843)792-7019,tcassarp4@exblog.jp
906,Allsun,Elt,48-(237)327-2453,aeltp5@sfgate.com
907,Jasper,Quoit,55-(459)204-8883,jquoitp6@biblegateway.com
908,Madalyn,Tax,66-(539)575-5875,mtaxp7@abc.net.au
909,Allix,ducarme,55-(413)914-1757,aducarmep8@psu.edu
910,Jobina,Lipscombe,355-(144)395-1920,jlipscombep9@alexa.com
911,Wye,Coney,62-(424)449-9335,wconeypa@google.fr
912,Ilario,Ruffler,502-(446)875-0663,irufflerpb@ft.com
913,Desdemona,Harm,46-(891)945-5444,dharmpc@seesaa.net
914,Calvin,Frary,86-(632)275-7924,cfrarypd@a8.net
915,Shani,Siddons,84-(561)368-1093,ssiddonspe@si.edu
916,Rea,Seman,62-(927)275-6320,rsemanpf@t.co
917,Melitta,Mueller,355-(814)217-2969,mmuellerpg@google.com.br
918,Gallard,Longfut,353-(940)198-2870,glongfutph@princeton.edu
919,Jarib,Darlaston,970-(356)822-6445,jdarlastonpi@yelp.com
920,Stafford,Pinniger,62-(977)559-0598,spinnigerpj@tripod.com
921,Taddeusz,Hallitt,62-(775)660-9530,thallittpk@columbia.edu
922,Jonis,Bolduc,86-(662)328-5149,jbolducpl@timesonline.co.uk
923,Jsandye,Breit,420-(140)898-3047,jbreitpm@buzzfeed.com
924,Bradan,Raubenheim,509-(877)771-7490,braubenheimpn@go.com
925,Selma,Leakner,48-(664)209-5278,sleaknerpo@chron.com
926,Floris,Gwillim,299-(302)889-0480,fgwillimpp@paginegialle.it
927,Lucien,Palphreyman,49-(832)764-1786,lpalphreymanpq@wiley.com
928,Mendy,Antham,86-(320)248-9007,manthampr@omniture.com
929,Lurette,Warrender,691-(660)839-9222,lwarrenderps@list-manage.com
930,Arte,Rainford,965-(440)370-6379,arainfordpt@globo.com
931,Tomkin,Pleavin,237-(360)898-7931,tpleavinpu@ameblo.jp
932,Lauralee,Benns,7-(935)710-9596,lbennspv@zdnet.com
933,Tye,Morey,381-(462)997-9724,tmoreypw@unc.edu
934,Dean,Ledwich,977-(613)612-6488,dledwichpx@bizjournals.com
935,Shaine,Dallemore,1-(860)520-2949,sdallemorepy@illinois.edu
936,Loren,Beccera,62-(502)995-2049,lbeccerapz@myspace.com
937,Marthe,Schenfisch,33-(769)682-8377,mschenfischq0@mysql.com
938,Haleigh,Furman,1-(836)898-9182,hfurmanq1@yellowbook.com
939,Chen,Gherardelli,7-(293)374-1132,cgherardelliq2@cargocollective.com
940,Reynard,MacSporran,353-(369)983-6618,rmacsporranq3@who.int
941,Blane,Cowoppe,598-(109)597-5059,bcowoppeq4@miibeian.gov.cn
942,Merrel,Purselow,54-(512)886-3035,mpurselowq5@archive.org
943,Dido,Pleasaunce,996-(131)205-9226,dpleasaunceq6@statcounter.com
944,Matti,Summergill,351-(143)243-5133,msummergillq7@w3.org
945,Krysta,MacWhan,86-(621)598-2339,kmacwhanq8@techcrunch.com
946,Iormina,Cogar,84-(162)783-2373,icogarq9@baidu.com
947,Alex,Lyes,1-(915)350-7786,alyesqa@oakley.com
948,Cammy,Jewiss,385-(315)837-0564,cjewissqb@google.de
949,Teador,Crosdill,48-(377)678-2932,tcrosdillqc@indiegogo.com
950,Amberly,McGauhy,54-(690)212-7480,amcgauhyqd@behance.net
951,Luce,Grindlay,86-(165)639-6163,lgrindlayqe@drupal.org
952,Zebadiah,Ebhardt,86-(634)106-4207,zebhardtqf@fastcompany.com
953,Valma,Melrose,86-(497)504-4993,vmelroseqg@plala.or.jp
954,Antonia,Clipsham,46-(774)930-1618,aclipshamqh@xrea.com
955,Marta,Borless,267-(568)779-7667,mborlessqi@usnews.com
956,Sheena,Meaden,55-(826)504-9971,smeadenqj@ow.ly
957,Dyana,Letch,86-(321)427-1539,dletchqk@issuu.com
958,John,Le Franc,994-(137)829-9894,jlefrancql@themeforest.net
959,Codie,McFetridge,33-(417)587-1223,cmcfetridgeqm@newsvine.com
960,Adela,Forster,86-(826)248-9542,aforsterqn@unblog.fr
961,Denys,Simenel,370-(725)826-9470,dsimenelqo@smugmug.com
962,Mandi,Pembery,212-(633)669-6582,mpemberyqp@geocities.jp
963,La verne,Browett,86-(585)598-4164,lbrowettqq@amazonaws.com
964,Margalo,Flear,62-(787)384-1114,mflearqr@163.com
965,Jim,Keir,1-(212)222-5370,jkeirqs@foxnews.com
966,Deonne,Prickett,46-(330)380-6302,dprickettqt@cam.ac.uk
967,Pattie,Dunlea,60-(196)238-6051,pdunleaqu@netvibes.com
968,Vonnie,Wilcinskis,7-(384)830-5777,vwilcinskisqv@epa.gov
969,Traver,Povlsen,7-(185)394-9907,tpovlsenqw@who.int
970,Chaunce,Cream,63-(910)722-8552,ccreamqx@psu.edu
971,Roanna,Taye,62-(832)383-3511,rtayeqy@ucsd.edu
972,Casar,Hallyburton,55-(851)185-3951,challyburtonqz@1688.com
973,Gaile,Tyrrell,65-(932)595-8923,gtyrrellr0@edublogs.org
974,Maude,Dorking,86-(280)706-2993,mdorkingr1@amazon.com
975,Annmaria,Brettor,86-(604)420-8180,abrettorr2@yahoo.com
976,Travis,Aseef,81-(176)440-1185,taseefr3@nps.gov
977,Dot,Worsham,86-(868)120-5459,dworshamr4@twitpic.com
978,Farlie,Afield,242-(852)755-9948,fafieldr5@vinaora.com
979,Noll,Radbond,63-(479)499-7431,nradbondr6@over-blog.com
980,Belicia,Dagg,359-(866)865-0170,bdaggr7@stanford.edu
981,Melisse,Yepiskov,63-(763)719-9111,myepiskovr8@reddit.com
982,Wynn,Spurgin,86-(548)611-4901,wspurginr9@elegantthemes.com
983,Chauncey,Farland,57-(183)616-0429,cfarlandra@buzzfeed.com
984,Bordie,Kitlee,84-(268)348-7863,bkitleerb@live.com
985,Tades,O'Rourke,358-(663)787-4818,torourkerc@is.gd
986,Hillel,Trayling,86-(136)468-9803,htraylingrd@webmd.com
987,Rriocard,Gulley,687-(944)653-2704,rgulleyre@apache.org
988,Mitzi,Parham,86-(640)930-3638,mparhamrf@tumblr.com
989,Ford,Salazar,1-(412)626-2705,fsalazarrg@arizona.edu
990,Maryrose,Ivanishchev,48-(838)695-7886,mivanishchevrh@hibu.com
991,Kennan,Winterbourne,46-(120)800-7050,kwinterbourneri@mapquest.com
992,Emlynn,Blackshaw,62-(427)912-2979,eblackshawrj@redcross.org
993,Pieter,Arnow,64-(507)145-2420,parnowrk@utexas.edu
994,Hynda,Highman,60-(848)568-3726,hhighmanrl@sphinn.com
995,Tracy,Battrum,358-(111)703-9921,tbattrumrm@hugedomains.com
996,Corine,Uccelli,86-(391)873-9211,cuccellirn@amazon.com
997,Gilberta,Souley,7-(380)792-5388,gsouleyro@infoseek.co.jp
998,Constantin,Guerre,7-(586)220-1789,cguerrerp@scientificamerican.com
999,Batholomew,Paddemore,86-(498)245-5175,bpaddemorerq@google.co.jp
1000,Jacobo,Cyson,7-(152)820-6856,jcysonrr@com.com
