PatientID,PatientFirstName,PatientLastName,PatientPhoneNumber,PatientEmail,PatientAddress,PatientCity,PatientState,PatientZip
1,Adelbert,Yepiskopov,1-(309)641-4451,ayepiskopov0@upenn.edu,07170 Londonderry Pass,Peoria,IL,61629
2,Merilee,Pring,1-(513)581-9184,mpring1@clickbank.net,08 Kingsford Lane,Cincinnati,OH,45228
3,Egor,Retter,1-(702)680-0895,eretter2@phpbb.com,84808 Corben Lane,Las Vegas,NV,89160
4,Seline,Penhalurick,1-(509)865-8950,spenhalurick3@de.vu,588 Sage Court,Spokane,WA,99215
5,Evyn,Eayrs,1-(818)368-9161,eeayrs4@geocities.jp,2 Weeping Birch Avenue,Santa Monica,CA,90405
6,Ronda,Kadwallider,1-(267)418-7827,rkadwallider5@salon.com,21483 Debra Junction,Levittown,PA,19058
7,Chen,Caddan,1-(205)294-7322,ccaddan6@pcworld.com,4999 Moose Road,Birmingham,AL,35215
8,Ettore,Mowen,1-(518)791-9073,emowen7@tinyurl.com,6 Park Meadow Street,Albany,NY,12237
9,Korney,McCaghan,1-(864)857-9319,kmccaghan8@reuters.com,5 Northview Center,Spartanburg,SC,29319
10,Jedediah,MacGillreich,1-(202)864-1256,jmacgillreich9@naver.com,42 Schiller Park,Washington,DC,20530
11,Wesley,Fearnside,1-(617)282-5362,wfearnsidea@hatena.ne.jp,4 Mayfield Street,Boston,MA,02208
12,Chloris,Laxtonne,1-(612)759-2187,claxtonneb@marriott.com,9 Crescent Oaks Way,Saint Paul,MN,55123
13,Stephana,De Mitri,1-(214)517-1656,sdemitric@flavors.me,75 Hoard Terrace,Dallas,TX,75397
14,Granville,Arnison,1-(915)462-2983,garnisond@time.com,9724 Cherokee Alley,El Paso,TX,79955
15,Michele,Aslie,1-(540)472-9777,masliee@mail.ru,43 Katie Court,Roanoke,VA,24029
16,Jodi,Ince,1-(720)684-1981,jincef@wsj.com,418 Victoria Park,Aurora,CO,80015
17,Brand,Lorie,1-(765)730-0310,blorieg@illinois.edu,4212 Blaine Avenue,Muncie,IN,47306
18,Abbe,Piecha,1-(909)593-7559,apiechah@msn.com,5141 Brickson Park Terrace,Pomona,CA,91797
19,Channa,Jorcke,1-(410)303-5260,cjorckei@imageshack.us,764 Corben Lane,Baltimore,MD,21275
20,Harman,McEvon,1-(626)453-1210,hmcevonj@bloglines.com,731 Cambridge Way,Pasadena,CA,91199
21,Horacio,Spellard,1-(330)279-0431,hspellardk@tiny.cc,513 Texas Point,Canton,OH,44705
22,Marshal,Ketteman,1-(609)504-0360,mkettemanl@naver.com,02224 Kipling Way,Trenton,NJ,08650
23,Lanny,Belding,1-(904)944-0578,lbeldingm@4shared.com,97743 Bayside Plaza,Jacksonville,FL,32259
24,Aime,Loveitt,1-(912)994-5169,aloveittn@reverbnation.com,24160 Duke Alley,Savannah,GA,31422
25,Patrick,Elijah,1-(336)746-7063,pelijaho@spiegel.de,5 Gateway Avenue,Winston Salem,NC,27150
26,Juanita,Rivallant,1-(215)524-5531,jrivallantp@youtu.be,5805 Express Parkway,Philadelphia,PA,19146
27,Edan,Felmingham,1-(505)235-9792,efelminghamq@noaa.gov,4771 Hoard Parkway,Las Cruces,NM,88006
28,Jo ann,Beastall,1-(609)662-3643,jbeastallr@mit.edu,3548 Dovetail Crossing,Trenton,NJ,08603
29,Noelle,Dowty,1-(303)685-3836,ndowtys@vk.com,67 Mosinee Plaza,Aurora,CO,80044
30,Barde,Hayers,1-(702)111-1644,bhayerst@whitehouse.gov,7 Arkansas Place,North Las Vegas,NV,89087
31,Esme,Killimister,1-(763)595-5568,ekillimisteru@macromedia.com,132 Canary Trail,Maple Plain,MN,55572
32,Angelo,Skakunas,1-(937)334-9556,askakunasv@independent.co.uk,07 Elgar Court,Hamilton,OH,45020
33,Jean,Summerrell,1-(574)483-1597,jsummerrellw@jugem.jp,3686 Kim Way,South Bend,IN,46699
34,Toby,Alfonzo,1-(702)796-9947,talfonzox@ihg.com,94372 Carpenter Way,Las Vegas,NV,89110
35,Elnar,Treadway,1-(763)272-3331,etreadwayy@skype.com,801 Algoma Avenue,Maple Plain,MN,55572
36,Umeko,Atcheson,1-(336)470-0822,uatchesonz@uol.com.br,106 Corben Park,Greensboro,NC,27404
37,Bondy,Rudgley,1-(281)164-9225,brudgley10@woothemes.com,5 Sauthoff Pass,Houston,TX,77030
38,Ginevra,Brandenberg,1-(706)499-5480,gbrandenberg11@arstechnica.com,60477 Westerfield Plaza,Augusta,GA,30911
39,Janene,Mayou,1-(405)217-8948,jmayou12@imdb.com,24205 Moland Trail,Edmond,OK,73034
40,Lorain,Ortells,1-(804)814-0143,lortells13@newyorker.com,44 Acker Court,Richmond,VA,23289
41,Rene,Rockliffe,1-(408)468-4486,rrockliffe14@cocolog-nifty.com,32 Vernon Drive,San Jose,CA,95108
42,Lyssa,Balshen,1-(530)425-8305,lbalshen15@nhs.uk,50 Mayer Road,South Lake Tahoe,CA,96154
43,Margi,Bitterton,1-(615)379-6251,mbitterton16@dailymail.co.uk,12696 Surrey Center,Nashville,TN,37245
44,Alano,Aindrais,1-(213)787-7433,aaindrais17@trellian.com,9 Independence Alley,Los Angeles,CA,90101
45,Antony,Ansley,1-(260)348-2504,aansley18@walmart.com,35 Eastwood Lane,Fort Wayne,IN,46862
46,Ransell,Cowderoy,1-(210)496-9107,rcowderoy19@over-blog.com,4 Butterfield Avenue,San Antonio,TX,78210
47,Tommie,Baudasso,1-(918)650-4920,tbaudasso1a@aboutads.info,2 Bayside Terrace,Tulsa,OK,74133
48,Donia,Vasilchenko,1-(828)676-7001,dvasilchenko1b@last.fm,4 Oneill Crossing,Asheville,NC,28815
49,Mora,Minor,1-(303)902-2285,mminor1c@noaa.gov,64016 Grasskamp Center,Boulder,CO,80328
50,Torrin,Matovic,1-(806)712-2019,tmatovic1d@shop-pro.jp,3 Elmside Crossing,Amarillo,TX,79165
51,Rodie,Samms,1-(662)736-2709,rsamms1e@sourceforge.net,13 Fieldstone Way,Columbus,MS,39705
52,Brena,Van Der Vlies,1-(303)245-1446,bvandervlies1f@cornell.edu,781 Kennedy Place,Denver,CO,80243
53,Casper,Hubbold,1-(239)831-2762,chubbold1g@google.com.br,726 Vernon Lane,Fort Myers,FL,33994
54,Krishna,Paulet,1-(913)166-0047,kpaulet1h@delicious.com,5 Independence Court,Shawnee Mission,KS,66225
55,Douglas,Pawlowicz,1-(907)185-8434,dpawlowicz1i@mlb.com,27 Caliangt Center,Anchorage,AK,99522
56,Sax,Lindmark,1-(916)384-9712,slindmark1j@japanpost.jp,5 Hanson Plaza,Sacramento,CA,94250
57,Buffy,Rusted,1-(808)915-3496,brusted1k@tumblr.com,18 Vidon Point,Honolulu,HI,96810
58,Greggory,Orbell,1-(816)144-0947,gorbell1l@php.net,64 Oriole Junction,Saint Joseph,MO,64504
59,Jack,Martignon,1-(706)731-6694,jmartignon1m@dyndns.org,4689 Twin Pines Drive,Columbus,GA,31998
60,Nilson,Skelington,1-(727)281-1351,nskelington1n@webs.com,8167 Carberry Trail,Largo,FL,33777
61,Abbey,Sawford,1-(510)781-9929,asawford1o@redcross.org,6803 Bluejay Plaza,Sacramento,CA,95823
62,Nikolai,Lackie,1-(816)732-0497,nlackie1p@latimes.com,9220 New Castle Parkway,Kansas City,MO,64142
63,Selina,Caustic,1-(480)111-8710,scaustic1q@ycombinator.com,965 Jay Street,Scottsdale,AZ,85255
64,Rochella,Rapley,1-(714)319-2565,rrapley1r@shop-pro.jp,21533 Armistice Road,Orange,CA,92862
65,Fayre,Antrim,1-(315)555-2575,fantrim1s@arstechnica.com,5541 Toban Trail,Utica,NY,13505
66,Fabien,Ericsson,1-(864)717-5696,fericsson1t@networkadvertising.org,4 Dunning Pass,Greenville,SC,29615
67,Pippy,Jeays,1-(561)960-0935,pjeays1u@merriam-webster.com,43 Dovetail Alley,Delray Beach,FL,33448
68,Jeane,O'Brogane,1-(907)119-5639,jobrogane1v@buzzfeed.com,9 Summit Plaza,Anchorage,AK,99512
69,Dean,Firebrace,1-(304)219-9049,dfirebrace1w@gnu.org,42 Claremont Road,Huntington,WV,25770
70,Cherry,Town,1-(617)344-4878,ctown1x@plala.or.jp,12 Artisan Parkway,Boston,MA,02119
71,Pierre,Broadbent,1-(412)624-7780,pbroadbent1y@biblegateway.com,3 La Follette Way,Pittsburgh,PA,15225
72,Nichols,Stower,1-(801)937-5551,nstower1z@so-net.ne.jp,96 Village Green Way,Salt Lake City,UT,84110
73,Jolene,Hayton,1-(858)207-3731,jhayton20@meetup.com,25 Brown Center,San Francisco,CA,94121
74,Starla,Manford,1-(253)273-5785,smanford21@mozilla.com,83 Pierstorff Alley,Tacoma,WA,98447
75,Hanan,Nickerson,1-(573)642-8150,hnickerson22@4shared.com,0 Arapahoe Drive,Columbia,MO,65211
76,Bethena,Rizzolo,1-(859)187-6961,brizzolo23@dagondesign.com,9604 Bashford Hill,Lexington,KY,40576
77,Adolphus,Bente,1-(407)693-4706,abente24@un.org,30841 Susan Drive,Orlando,FL,32830
78,Nicoli,Haughin,1-(304)319-7451,nhaughin25@mysql.com,36550 Mayfield Point,Huntington,WV,25709
79,Lawry,Diggle,1-(260)714-1944,ldiggle26@bloglovin.com,8639 Granby Park,Fort Wayne,IN,46825
80,Siward,Warner,1-(617)769-7788,swarner27@xrea.com,0 Melvin Point,Boston,MA,02203
81,Benny,Vinnick,1-(941)985-0523,bvinnick28@bbc.co.uk,99 Spenser Place,Sarasota,FL,34276
82,Normie,Isac,1-(918)104-8719,nisac29@google.it,926 Hansons Place,Tulsa,OK,74149
83,Creight,Khotler,1-(501)609-7656,ckhotler2a@goodreads.com,7352 Drewry Avenue,Little Rock,AR,72215
84,Keane,Delouch,1-(619)928-3183,kdelouch2b@bbc.co.uk,7240 Rowland Point,San Diego,CA,92186
85,Ingaborg,Lambrick,1-(770)169-2953,ilambrick2c@people.com.cn,05 Kim Junction,Alpharetta,GA,30022
86,Niki,Hemeret,1-(408)333-8047,nhemeret2d@go.com,0585 Comanche Street,Santa Clara,CA,95054
87,Ichabod,Ameer-Beg,1-(208)446-7279,iameerbeg2e@mayoclinic.com,858 La Follette Park,Boise,ID,83716
88,Addison,Kenealy,1-(203)170-3358,akenealy2f@foxnews.com,90567 Bartillon Way,Bridgeport,CT,06606
89,Selena,Dennant,1-(850)939-4723,sdennant2g@nbcnews.com,69 Packers Parkway,Tallahassee,FL,32314
90,Kali,Reubens,1-(719)152-4615,kreubens2h@imageshack.us,4 Vermont Drive,Colorado Springs,CO,80945
91,Justen,Darinton,1-(775)910-3507,jdarinton2i@harvard.edu,625 Kedzie Center,Reno,NV,89550
92,Ingrid,Wissby,1-(518)894-9211,iwissby2j@soundcloud.com,38863 8th Circle,Albany,NY,12227
93,Nariko,Edgcombe,1-(202)486-3695,nedgcombe2k@sohu.com,756 Vernon Place,Washington,DC,20599
94,Arvie,Clemerson,1-(661)511-8225,aclemerson2l@businesswire.com,03154 Sheridan Junction,Bakersfield,CA,93311
95,Rayshell,Blackburne,1-(325)506-7544,rblackburne2m@cbslocal.com,1989 Weeping Birch Way,Abilene,TX,79605
96,Dermot,Heselwood,1-(212)793-0837,dheselwood2n@lycos.com,8 Gina Center,New York City,NY,10125
97,Timmie,Langhor,1-(210)978-7206,tlanghor2o@google.de,8 Ronald Regan Park,San Antonio,TX,78250
98,Frederick,Verryan,1-(412)654-3154,fverryan2p@theguardian.com,266 Warrior Avenue,Pittsburgh,PA,15225
99,Talya,Iorillo,1-(646)563-0044,tiorillo2q@biblegateway.com,713 Di Loreto Point,New York City,NY,10270
100,Deloria,Jakubovicz,1-(212)120-4859,djakubovicz2r@wp.com,3 Golf Course Alley,New York City,NY,10115
101,Joshua,Hugin,1-(540)778-2942,jhugin2s@ifeng.com,9233 Killdeer Street,Roanoke,VA,24020
102,Edee,Longstaff,1-(858)449-0931,elongstaff2t@wisc.edu,3 Harbort Point,San Francisco,CA,94121
103,Kaylyn,Sellick,1-(727)378-4606,ksellick2u@eepurl.com,86 Division Court,Largo,FL,34643
104,Raffaello,Knibbs,1-(405)571-6582,rknibbs2v@dagondesign.com,0 Dunning Park,Oklahoma City,OK,73104
105,Marve,Winspare,1-(415)332-9536,mwinspare2w@blog.com,61 Thackeray Point,Oakland,CA,94616
106,Anabelle,Tuffrey,1-(313)731-9102,atuffrey2x@vinaora.com,4 Florence Parkway,Detroit,MI,48224
107,Melisse,Bairstow,1-(915)123-1131,mbairstow2y@bravesites.com,2138 Aberg Park,El Paso,TX,88574
108,North,Linden,1-(574)755-4764,nlinden2z@quantcast.com,659 Vidon Hill,South Bend,IN,46614
109,Zora,Burrel,1-(214)654-0471,zburrel30@businessweek.com,360 Oxford Drive,Dallas,TX,75277
110,Celie,Laminman,1-(417)781-5150,claminman31@altervista.org,156 Rusk Crossing,Springfield,MO,65898
111,Adriano,Barfield,1-(240)689-6508,abarfield32@constantcontact.com,144 Carpenter Point,Frederick,MD,21705
112,Wendie,Payn,1-(941)459-7093,wpayn33@posterous.com,1799 Vidon Court,Sarasota,FL,34233
113,Emmy,Reece,1-(808)605-8007,ereece34@yale.edu,2552 Lighthouse Bay Avenue,Honolulu,HI,96845
114,Rosalinde,Duplan,1-(415)207-6757,rduplan35@plala.or.jp,7 Dunning Plaza,San Francisco,CA,94142
115,Teador,Nourse,1-(682)416-7446,tnourse36@pinterest.com,4 Calypso Avenue,Fort Worth,TX,76110
116,Glendon,Bedboro,1-(818)628-0623,gbedboro37@ucoz.ru,64950 Arkansas Plaza,Glendale,CA,91210
117,Rogerio,Janicki,1-(816)171-2474,rjanicki38@mapquest.com,1676 Moulton Circle,Independence,MO,64054
118,Lauretta,Madigan,1-(410)487-5803,lmadigan39@sun.com,13036 Jay Park,Laurel,MD,20709
119,Robby,Ratie,1-(321)451-3051,rratie3a@behance.net,790 Swallow Avenue,Orlando,FL,32825
120,Orson,Gorring,1-(816)801-9283,ogorring3b@google.com,137 Farragut Pass,Kansas City,MO,64190
121,Jessica,O'Neal,1-(212)847-3969,joneal3c@live.com,4661 Red Cloud Avenue,New York City,NY,10024
122,Jules,Foskett,1-(352)720-6693,jfoskett3d@forbes.com,11 Mandrake Park,Gainesville,FL,32627
123,Freddy,Goatman,1-(202)389-9563,fgoatman3e@oaic.gov.au,04042 Browning Pass,Washington,DC,20503
124,Marijn,Stert,1-(704)533-7232,mstert3f@typepad.com,357 Straubel Road,Charlotte,NC,28247
125,Cristobal,Beames,1-(502)307-4437,cbeames3g@comsenz.com,5 Bobwhite Plaza,Louisville,KY,40256
126,Milton,Emanson,1-(601)953-8827,memanson3h@intel.com,61898 Montana Street,Hattiesburg,MS,39404
127,Sayre,Onions,1-(618)784-4799,sonions3i@php.net,20196 Maple Wood Alley,East Saint Louis,IL,62205
128,Annmarie,Allderidge,1-(330)101-8910,aallderidge3j@goo.gl,3821 Summer Ridge Junction,Warren,OH,44485
129,Humberto,Ebunoluwa,1-(303)336-8073,hebunoluwa3k@ucla.edu,814 Portage Road,Aurora,CO,80044
130,Candis,Load,1-(757)706-4641,cload3l@rediff.com,9370 Arrowood Junction,Newport News,VA,23612
131,Phelia,Braz,1-(405)692-4612,pbraz3m@free.fr,477 Old Gate Drive,Edmond,OK,73034
132,Brit,Defraine,1-(215)330-3155,bdefraine3n@adobe.com,31662 Knutson Drive,Philadelphia,PA,19160
133,Shaun,Mathwin,1-(817)719-8698,smathwin3o@bloglovin.com,47 Northview Hill,Arlington,TX,76004
134,Riley,Denver,1-(718)626-6351,rdenver3p@goodreads.com,75 Glendale Terrace,Bronx,NY,10454
135,Montgomery,Flux,1-(713)425-1345,mflux3q@geocities.com,90646 Bay Way,Houston,TX,77095
136,Teodorico,Howsam,1-(602)575-4249,thowsam3r@google.com.br,56 Moulton Parkway,Phoenix,AZ,85062
137,Jacquelyn,Hatrick,1-(202)571-1787,jhatrick3s@123-reg.co.uk,48415 Miller Lane,Washington,DC,20546
138,Mufi,Harnett,1-(303)371-7487,mharnett3t@sitemeter.com,0 Ryan Parkway,Denver,CO,80217
139,Calida,Tewkesberrie,1-(919)236-7783,ctewkesberrie3u@sciencedaily.com,831 Brentwood Park,Durham,NC,27717
140,Bobbette,Kippie,1-(973)252-8377,bkippie3v@tmall.com,57 Quincy Circle,Paterson,NJ,07505
141,Merrick,Mungham,1-(419)564-8612,mmungham3w@latimes.com,911 Kipling Place,Toledo,OH,43656
142,Nanete,Scolts,1-(214)506-4180,nscolts3x@icq.com,9121 Bunting Street,Dallas,TX,75372
143,Alexandr,Cholomin,1-(312)376-2512,acholomin3y@columbia.edu,885 Cordelia Point,Chicago,IL,60697
144,Randall,Yarrell,1-(952)234-8694,ryarrell3z@bloomberg.com,6 Rieder Alley,Young America,MN,55557
145,Robinett,Sesons,1-(914)677-3299,rsesons40@theatlantic.com,2 Lyons Road,White Plains,NY,10633
146,Deane,Fuge,1-(915)940-0108,dfuge41@linkedin.com,1890 Lindbergh Road,El Paso,TX,88574
147,Colline,Samweyes,1-(763)520-4735,csamweyes42@wordpress.com,8273 Melby Trail,Minneapolis,MN,55446
148,Broddie,Milthorpe,1-(678)739-4818,bmilthorpe43@cnbc.com,5670 Doe Crossing Road,Decatur,GA,30033
149,Hamnet,Tomblin,1-(202)235-8182,htomblin44@tumblr.com,21 Eggendart Road,Washington,DC,20051
150,Tamarah,Conechie,1-(702)371-5102,tconechie45@oaic.gov.au,1126 Sullivan Pass,Las Vegas,NV,89110
151,Ruthie,Stivers,1-(312)671-4701,rstivers46@goo.gl,142 Blaine Alley,Chicago,IL,60697
152,Mort,Blyde,1-(408)229-0364,mblyde47@squarespace.com,900 Monterey Alley,San Jose,CA,95160
153,Mike,Surmeyer,1-(559)512-9058,msurmeyer48@photobucket.com,89 Sutherland Hill,Fresno,CA,93778
154,Roma,McVey,1-(860)969-3217,rmcvey49@reuters.com,8169 Marcy Crossing,Hartford,CT,06160
155,Jefferson,Weson,1-(813)757-5049,jweson4a@hostgator.com,54 Dennis Hill,Tampa,FL,33610
156,Christa,Simmans,1-(718)292-5993,csimmans4b@mysql.com,4 Waywood Crossing,Brooklyn,NY,11220
157,Martica,Gudde,1-(215)759-9682,mgudde4c@sitemeter.com,7526 Clarendon Pass,Philadelphia,PA,19196
158,Worthy,Rablin,1-(215)402-9419,wrablin4d@de.vu,39 Moose Trail,Philadelphia,PA,19151
159,Coleman,Dowzell,1-(919)692-1600,cdowzell4e@taobao.com,675 Morrow Point,Raleigh,NC,27615
160,Monroe,Dunlap,1-(717)929-5410,mdunlap4f@sciencedirect.com,738 Dunning Circle,Harrisburg,PA,17140
161,Jefferey,Knapman,1-(337)709-8580,jknapman4g@hugedomains.com,84400 6th Court,Lafayette,LA,70505
162,Tiphani,Giamelli,1-(915)102-7715,tgiamelli4h@phoca.cz,097 Moose Trail,El Paso,TX,88530
163,Elicia,Rechert,1-(812)840-1255,erechert4i@shutterfly.com,2 Drewry Road,Evansville,IN,47747
164,Kennith,Dodgshun,1-(907)811-5339,kdodgshun4j@hatena.ne.jp,594 Spohn Place,Anchorage,AK,99507
165,Cindie,Gopsall,1-(202)248-4939,cgopsall4k@hp.com,84 Ronald Regan Plaza,Washington,DC,20238
166,Valli,Colliss,1-(202)745-2772,vcolliss4l@stumbleupon.com,4 Dapin Circle,Washington,DC,20046
167,Christi,Cotgrave,1-(505)233-2535,ccotgrave4m@npr.org,2946 North Park,Albuquerque,NM,87201
168,Aime,Wareham,1-(702)461-1859,awareham4n@yahoo.com,27675 Farragut Circle,Las Vegas,NV,89125
169,Adrienne,Cubbin,1-(515)695-8484,acubbin4o@etsy.com,04 East Road,Des Moines,IA,50320
170,Christiane,McLleese,1-(616)336-4169,cmclleese4p@princeton.edu,40 Ruskin Point,Grand Rapids,MI,49560
171,Lucinda,Strangward,1-(936)698-3568,lstrangward4q@arizona.edu,3 Brentwood Drive,Conroe,TX,77305
172,Ertha,Domesday,1-(651)326-5048,edomesday4r@linkedin.com,3046 Tony Trail,Saint Paul,MN,55108
173,Lindon,Twydell,1-(586)568-5616,ltwydell4s@mozilla.org,83524 Clarendon Park,Detroit,MI,48224
174,Imogen,Hullock,1-(812)972-0645,ihullock4t@cyberchimps.com,76 Shoshone Avenue,Evansville,IN,47747
175,Suzanna,Derkes,1-(907)298-8319,sderkes4u@google.com.hk,54 Butternut Park,Fairbanks,AK,99709
176,Janna,Meneo,1-(518)172-4885,jmeneo4v@vkontakte.ru,4 Burrows Parkway,Albany,NY,12262
177,Beryl,Thomkins,1-(206)813-7996,bthomkins4w@cbslocal.com,4 Gina Way,Kent,WA,98042
178,Anastasia,Leil,1-(682)767-4277,aleil4x@ehow.com,91950 Fordem Point,Fort Worth,TX,76198
179,Lyssa,Hambright,1-(214)577-3767,lhambright4y@yahoo.com,679 Forster Alley,Dallas,TX,75260
180,Clemmy,McCosh,1-(949)969-3500,cmccosh4z@weibo.com,4855 Village Lane,Santa Clara,CA,95054
181,Alyosha,Allsobrook,1-(213)613-4023,aallsobrook50@is.gd,0355 American Ash Center,Van Nuys,CA,91499
182,Efren,Whyley,1-(832)120-5217,ewhyley51@gizmodo.com,2437 Kinsman Court,Houston,TX,77266
183,Corene,Ceresa,1-(206)849-3870,cceresa52@google.com.hk,14 Eggendart Trail,Seattle,WA,98127
184,Philomena,Gilleson,1-(815)823-0323,pgilleson53@dailymail.co.uk,0038 Utah Terrace,Rockford,IL,61105
185,Aloysius,Crotch,1-(717)555-9213,acrotch54@jiathis.com,165 Trailsway Drive,Harrisburg,PA,17110
186,Betteanne,Jacquemet,1-(406)195-0752,bjacquemet55@ucoz.ru,20476 Kedzie Alley,Billings,MT,59105
187,Delmor,Geldart,1-(850)925-0271,dgeldart56@php.net,1 Roxbury Road,Panama City,FL,32412
188,Rossy,Callar,1-(515)739-9809,rcallar57@chicagotribune.com,09 Steensland Road,Des Moines,IA,50936
189,Audra,McLaverty,1-(615)487-9004,amclaverty58@shareasale.com,4870 Farragut Crossing,Nashville,TN,37235
190,Celinka,Fotitt,1-(754)103-3518,cfotitt59@typepad.com,574 Loomis Point,Fort Lauderdale,FL,33310
191,Finlay,Harnwell,1-(919)778-2485,fharnwell5a@telegraph.co.uk,5405 Delladonna Avenue,Raleigh,NC,27690
192,Borg,Conneau,1-(971)769-3691,bconneau5b@google.fr,5 Basil Place,Portland,OR,97240
193,Ingeborg,Nathon,1-(251)973-0396,inathon5c@hubpages.com,8 Farmco Way,Mobile,AL,36616
194,Herculie,Longmate,1-(847)744-3158,hlongmate5d@tinyurl.com,7 Elmside Alley,Evanston,IL,60208
195,Giulia,Steane,1-(405)497-5296,gsteane5e@nyu.edu,88549 Division Road,Oklahoma City,OK,73173
196,Joanna,Lummus,1-(321)601-5052,jlummus5f@whitehouse.gov,5 Springs Terrace,Orlando,FL,32835
197,Libby,Northern,1-(610)597-4133,lnorthern5g@cbslocal.com,08954 Erie Street,Reading,PA,19605
198,Jdavie,Pucker,1-(646)885-2105,jpucker5h@jalbum.net,981 Clemons Parkway,New York City,NY,10155
199,Sadie,Fudge,1-(718)585-5499,sfudge5i@usa.gov,7489 Memorial Trail,Bronx,NY,10454
200,Carolann,Schumacher,1-(610)720-2857,cschumacher5j@skyrock.com,16 Jenifer Crossing,Philadelphia,PA,19109
201,Marybeth,Glowacz,1-(504)779-2064,mglowacz5k@ezinearticles.com,103 Thackeray Alley,New Orleans,LA,70142
202,Brandyn,Lehrmann,1-(254)173-8056,blehrmann5l@surveymonkey.com,4096 Northland Point,Waco,TX,76705
203,Nicolais,Safhill,1-(770)228-7673,nsafhill5m@canalblog.com,21 Macpherson Road,Atlanta,GA,31119
204,Brett,Pallasch,1-(512)651-7158,bpallasch5n@bigcartel.com,3 Gulseth Court,Austin,TX,78778
205,Terrence,Houlridge,1-(502)373-6940,thoulridge5o@opensource.org,9392 Grasskamp Point,Louisville,KY,40220
206,Julianna,Reaveley,1-(701)362-2358,jreaveley5p@youku.com,8099 Melody Terrace,Fargo,ND,58106
207,Clarinda,Tredinnick,1-(202)423-1674,ctredinnick5q@reverbnation.com,363 Elgar Drive,Washington,DC,20442
208,Julius,Itzkin,1-(408)445-6110,jitzkin5r@rediff.com,0 Duke Pass,San Jose,CA,95150
209,Moshe,Collin,1-(571)991-9886,mcollin5s@over-blog.com,49657 Ridgeway Trail,Vienna,VA,22184
210,Ashlan,Braunston,1-(513)520-8050,abraunston5t@bluehost.com,2675 Eastwood Circle,Cincinnati,OH,45296
211,Vida,Matis,1-(661)319-7338,vmatis5u@bigcartel.com,085 Dorton Park,Bakersfield,CA,93381
212,Trenna,Wasmer,1-(312)118-7653,twasmer5v@linkedin.com,38 Bartillon Street,Chicago,IL,60636
213,Maurine,Stewart,1-(305)221-4594,mstewart5w@jalbum.net,473 Lakewood Court,Naples,FL,33961
214,Sargent,Melonby,1-(503)357-7823,smelonby5x@hao123.com,367 Portage Parkway,Portland,OR,97206
215,Alix,Sheffield,1-(719)134-7440,asheffield5y@yellowbook.com,66937 Mandrake Junction,Colorado Springs,CO,80910
216,Alphard,Malenfant,1-(415)359-2960,amalenfant5z@barnesandnoble.com,85 Declaration Pass,Oakland,CA,94611
217,Harley,Murfill,1-(208)422-0762,hmurfill60@columbia.edu,4863 Hallows Pass,Boise,ID,83711
218,Howard,Pitrollo,1-(480)173-2159,hpitrollo61@tripadvisor.com,768 Pleasure Lane,Scottsdale,AZ,85260
219,Matty,Grimsdell,1-(303)272-8852,mgrimsdell62@princeton.edu,9977 Sachs Street,Denver,CO,80270
220,Renie,Llywarch,1-(304)973-0256,rllywarch63@buzzfeed.com,5714 Kenwood Junction,Huntington,WV,25726
221,Renato,Allsopp,1-(419)362-7079,rallsopp64@canalblog.com,8 Truax Court,Toledo,OH,43615
222,Wyndham,Kinleyside,1-(206)856-9082,wkinleyside65@rediff.com,3876 Pleasure Court,Seattle,WA,98175
223,Aleda,Lovelock,1-(508)787-3071,alovelock66@cafepress.com,757 La Follette Parkway,Brockton,MA,02405
224,Eduardo,Seale,1-(724)966-9137,eseale67@tinyurl.com,255 Thackeray Center,Pittsburgh,PA,15210
225,Arther,Gillaspy,1-(212)912-0421,agillaspy68@biglobe.ne.jp,52 Messerschmidt Place,Jamaica,NY,11431
226,Gilbertina,Gladtbach,1-(504)999-7514,ggladtbach69@nba.com,27603 Fairview Circle,Metairie,LA,70005
227,Asa,Howood,1-(816)276-1316,ahowood6a@skyrock.com,6444 Hauk Lane,Kansas City,MO,64125
228,Chen,Lankford,1-(504)213-6482,clankford6b@blogspot.com,0772 Ludington Court,New Orleans,LA,70149
229,Leela,Josham,1-(216)689-2275,ljosham6c@freewebs.com,6478 Marcy Alley,Cleveland,OH,44185
230,Teddy,Catherall,1-(513)617-4532,tcatherall6d@tripadvisor.com,1109 Burrows Road,Cincinnati,OH,45228
231,Florinda,Cretney,1-(785)426-0867,fcretney6e@wisc.edu,15 Novick Road,Topeka,KS,66699
232,Benedicto,Treverton,1-(908)969-6380,btreverton6f@about.com,7158 Sundown Avenue,Elizabeth,NJ,07208
233,Gabriello,Jellis,1-(402)862-2846,gjellis6g@forbes.com,31630 Tennessee Parkway,Omaha,NE,68105
234,Claire,Deverick,1-(971)585-0280,cdeverick6h@rakuten.co.jp,08 Troy Pass,Salem,OR,97312
235,Cassandry,O'Donohue,1-(248)612-1939,codonohue6i@vk.com,1737 Kennedy Point,Farmington,MI,48335
236,Sheffield,Aspinal,1-(505)819-7911,saspinal6j@sphinn.com,75486 Forest Junction,Albuquerque,NM,87140
237,Harley,Omrod,1-(919)209-9528,homrod6k@jimdo.com,37 Northfield Junction,Raleigh,NC,27610
238,Claudian,Klaesson,1-(217)535-0858,cklaesson6l@reddit.com,0 Shopko Way,Decatur,IL,62525
239,Chaunce,Stollsteimer,1-(314)810-3366,cstollsteimer6m@berkeley.edu,4275 Dennis Lane,Saint Louis,MO,63136
240,Salvador,Busfield,1-(208)293-7945,sbusfield6n@nature.com,844 Sauthoff Avenue,Portland,OR,97211
241,Chloris,Bichard,1-(801)814-8716,cbichard6o@ow.ly,3 Doe Crossing Way,Salt Lake City,UT,84170
242,Denys,Vance,1-(952)646-0269,dvance6p@princeton.edu,2 Knutson Road,Minneapolis,MN,55423
243,Osgood,Grzesiewicz,1-(915)336-2644,ogrzesiewicz6q@mapquest.com,66345 Hagan Court,El Paso,TX,88558
244,Nani,Vinton,1-(610)798-6995,nvinton6r@bandcamp.com,1692 Union Center,Reading,PA,19610
245,Katharina,Struttman,1-(704)193-6308,kstruttman6s@eepurl.com,78461 Steensland Place,Charlotte,NC,28242
246,Annecorinne,Lamprecht,1-(901)822-9926,alamprecht6t@comcast.net,2 Summit Trail,Memphis,TN,38150
247,Cathrin,Squire,1-(202)316-1713,csquire6u@feedburner.com,2201 Delladonna Park,Washington,DC,20260
248,Brandy,Christou,1-(830)761-0624,bchristou6v@wikia.com,0820 Waywood Road,San Antonio,TX,78230
249,Maximilien,Klaussen,1-(801)251-0537,mklaussen6w@about.me,504 Hallows Hill,Salt Lake City,UT,84130
250,Minerva,Yeulet,1-(205)820-1481,myeulet6x@so-net.ne.jp,79984 Calypso Hill,Birmingham,AL,35220
251,Claudina,Vasile,1-(703)259-6356,cvasile6y@ehow.com,909 Surrey Street,Arlington,VA,22205
252,Arabela,Lefeuvre,1-(304)473-3507,alefeuvre6z@time.com,1873 Glacier Hill Alley,Huntington,WV,25705
253,Glori,Vasquez,1-(719)990-3663,gvasquez70@yahoo.co.jp,8 Nancy Crossing,Colorado Springs,CO,80945
254,Kimberlee,Mullett,1-(251)237-2959,kmullett71@goodreads.com,14 Evergreen Hill,Mobile,AL,36689
255,Chevy,Lauchlan,1-(561)765-3019,clauchlan72@epa.gov,19532 Hudson Alley,Boynton Beach,FL,33436
256,Jorrie,Ciotto,1-(480)551-4362,jciotto73@mit.edu,93 Buhler Avenue,Gilbert,AZ,85297
257,Tatiana,Chicco,1-(720)992-3702,tchicco74@theglobeandmail.com,33 Spohn Street,Arvada,CO,80005
258,Arlee,Jackes,1-(952)857-6436,ajackes75@hao123.com,19 Sloan Court,Minneapolis,MN,55402
259,Reta,Grunson,1-(646)117-8530,rgrunson76@amazon.co.jp,7 Lake View Center,New York City,NY,10039
260,Kahlil,Commander,1-(281)813-6777,kcommander77@wikimedia.org,70 Merchant Circle,Humble,TX,77346
261,Ranna,Bowser,1-(917)889-7794,rbowser78@angelfire.com,86 Bunting Crossing,Bronx,NY,10474
262,Petronilla,Battell,1-(215)350-8176,pbattell79@whitehouse.gov,1574 Manufacturers Trail,Philadelphia,PA,19196
263,Anabal,Woller,1-(508)403-0534,awoller7a@infoseek.co.jp,052 Forster Drive,New Bedford,MA,02745
264,Hurley,Jackman,1-(352)708-5452,hjackman7b@yandex.ru,28961 Tony Point,Ocala,FL,34474
265,Carla,Gilkison,1-(651)674-7964,cgilkison7c@thetimes.co.uk,71 American Ash Junction,Minneapolis,MN,55441
266,Kitty,Chinnery,1-(913)675-1497,kchinnery7d@cam.ac.uk,14150 Roth Drive,Kansas City,KS,66105
267,Dur,Haws,1-(718)505-0969,dhaws7e@smugmug.com,7193 Burning Wood Park,Brooklyn,NY,11220
268,Brittney,Cudby,1-(949)202-3672,bcudby7f@addtoany.com,83 Doe Crossing Street,Newport Beach,CA,92662
269,Piotr,Orrom,1-(917)770-5439,porrom7g@amazon.com,4791 Lakewood Gardens Trail,New York City,NY,10024
270,Val,Sainsberry,1-(775)852-1064,vsainsberry7h@si.edu,9163 Sunbrook Drive,Carson City,NV,89706
271,Neysa,Antoons,1-(617)416-1986,nantoons7i@dyndns.org,52 Cascade Junction,Boston,MA,02114
272,Gerhardt,Le Pine,1-(559)858-8165,glepine7j@reddit.com,01425 Mallard Place,Fresno,CA,93726
273,Ambrosius,Colebourn,1-(678)927-4906,acolebourn7k@chron.com,51412 Park Meadow Avenue,Lawrenceville,GA,30045
274,Patrizius,Molan,1-(608)954-4161,pmolan7l@msn.com,0177 Karstens Trail,Madison,WI,53726
275,Chantal,Ennor,1-(502)175-9505,cennor7m@microsoft.com,26 Arkansas Trail,Louisville,KY,40215
276,Perla,Springer,1-(785)199-9026,pspringer7n@apple.com,80 Oneill Point,Topeka,KS,66629
277,Drusy,Binestead,1-(816)198-6295,dbinestead7o@purevolume.com,14302 Carberry Alley,Saint Joseph,MO,64504
278,Cherry,Cureton,1-(502)582-6303,ccureton7p@msn.com,80 Saint Paul Plaza,Migrate,KY,41905
279,Maggie,Biner,1-(864)462-3608,mbiner7q@mozilla.com,374 Annamark Center,Greenville,SC,29615
280,Glynis,Wankling,1-(410)725-7130,gwankling7r@delicious.com,5 Bultman Pass,Baltimore,MD,21290
281,Terrence,Brazelton,1-(573)379-4029,tbrazelton7s@spotify.com,3 Kedzie Avenue,Columbia,MO,65218
282,Eddie,Itzik,1-(312)348-0845,eitzik7t@clickbank.net,2 Red Cloud Point,Chicago,IL,60686
283,Kirbee,Blinco,1-(318)515-4328,kblinco7u@ihg.com,41923 Towne Pass,Monroe,LA,71208
284,Marie-jeanne,Gundrey,1-(408)993-6960,mgundrey7v@skyrock.com,12471 Brentwood Parkway,San Jose,CA,95138
285,Filia,Pullinger,1-(213)557-8047,fpullinger7w@ucoz.com,4087 Bluejay Junction,Van Nuys,CA,91499
286,Bernadine,Monk,1-(586)303-3548,bmonk7x@lulu.com,7165 Di Loreto Trail,Warren,MI,48092
287,Hermie,Stienham,1-(303)990-5318,hstienham7y@slideshare.net,50395 4th Pass,Aurora,CO,80045
288,Hyacinth,Pally,1-(415)751-8923,hpally7z@buzzfeed.com,820 Crest Line Center,San Rafael,CA,94913
289,Gloria,Woodwin,1-(303)512-3499,gwoodwin80@usda.gov,04 8th Alley,Denver,CO,80243
290,Rebecka,Pope,1-(330)229-7822,rpope81@wp.com,7077 Alpine Alley,Youngstown,OH,44511
291,Casi,Nacey,1-(352)721-7374,cnacey82@linkedin.com,81467 Service Terrace,Gainesville,FL,32605
292,Aggie,Joseff,1-(775)744-7795,ajoseff83@slideshare.net,72 Harper Parkway,Carson City,NV,89714
293,Martyn,Chitter,1-(480)705-9512,mchitter84@state.tx.us,92 Steensland Park,Scottsdale,AZ,85255
294,Evyn,Kettlestringes,1-(760)476-9370,ekettlestringes85@dot.gov,86 Ramsey Way,Orange,CA,92668
295,Gwyn,Abriani,1-(608)514-2489,gabriani86@lulu.com,2795 Arizona Circle,Madison,WI,53779
296,Alastair,Vincent,1-(360)819-3437,avincent87@privacy.gov.au,316 Old Gate Drive,Seattle,WA,98166
297,Eliza,Henaughan,1-(304)272-5239,ehenaughan88@earthlink.net,82570 Hooker Pass,Charleston,WV,25326
298,Fanny,McKaile,1-(505)238-9552,fmckaile89@ezinearticles.com,858 Lotheville Lane,Albuquerque,NM,87195
299,Jere,Huckster,1-(212)862-7594,jhuckster8a@bravesites.com,7 Maryland Plaza,New York City,NY,10090
300,Dodi,Snary,1-(410)993-5151,dsnary8b@plala.or.jp,048 Homewood Drive,Baltimore,MD,21265
301,Ameline,Furneaux,1-(973)859-8446,afurneaux8c@sohu.com,0 Summit Terrace,Jersey City,NJ,07310
302,Frederica,Barrowcliff,1-(704)786-4535,fbarrowcliff8d@csmonitor.com,2 Michigan Circle,Charlotte,NC,28247
303,Candice,Venard,1-(337)123-4608,cvenard8e@feedburner.com,20570 Cody Court,Lafayette,LA,70505
304,Sissy,Gouly,1-(916)712-5110,sgouly8f@google.pl,68959 Hermina Way,Sacramento,CA,94257
305,Dorey,Monahan,1-(904)236-3687,dmonahan8g@friendfeed.com,336 Tony Hill,Jacksonville,FL,32255
306,Sarene,Shawcroft,1-(865)856-5948,sshawcroft8h@oracle.com,347 Blaine Terrace,Knoxville,TN,37924
307,Kerr,Laidler,1-(706)237-8905,klaidler8i@nymag.com,898 Melvin Terrace,Columbus,GA,31904
308,Walton,McGuiness,1-(407)442-0949,wmcguiness8j@salon.com,6056 Loftsgordon Pass,Orlando,FL,32835
309,Mei,Marcone,1-(321)321-3596,mmarcone8k@guardian.co.uk,49261 Little Fleur Center,Orlando,FL,32803
310,Shayla,Armfirld,1-(856)603-3714,sarmfirld8l@aboutads.info,636 Hallows Road,Camden,NJ,08104
311,Skelly,Coey,1-(615)769-4269,scoey8m@answers.com,339 Washington Alley,Murfreesboro,TN,37131
312,Calhoun,Spalding,1-(952)250-8837,cspalding8n@mlb.com,05 Scofield Court,Young America,MN,55551
313,Hermine,Size,1-(626)860-3026,hsize8o@google.com,242 Leroy Point,Pasadena,CA,91199
314,Titos,Papis,1-(330)433-8077,tpapis8p@yale.edu,2 Eliot Alley,Canton,OH,44710
315,Marigold,Gecke,1-(808)888-5539,mgecke8q@ning.com,96145 Susan Parkway,Honolulu,HI,96835
316,Tanney,Causier,1-(754)260-3526,tcausier8r@tmall.com,9454 Forster Road,Pompano Beach,FL,33075
317,Barbey,Vellacott,1-(520)369-1758,bvellacott8s@apache.org,44453 Glacier Hill Avenue,Tucson,AZ,85748
318,Sherlock,Wolfarth,1-(913)728-0028,swolfarth8t@cnn.com,831 Westport Terrace,Shawnee Mission,KS,66210
319,Roi,Prestner,1-(203)898-9529,rprestner8u@usatoday.com,331 Vera Street,Bridgeport,CT,06673
320,Blancha,Crumley,1-(202)514-1614,bcrumley8v@godaddy.com,56 Bowman Street,Washington,DC,20380
321,Wallis,Caven,1-(816)199-5241,wcaven8w@goo.ne.jp,1 Oriole Pass,Kansas City,KS,66112
322,Marysa,Lacknor,1-(812)668-3998,mlacknor8x@skype.com,01 Katie Way,Jeffersonville,IN,47134
323,Keelby,Swaile,1-(602)723-8109,kswaile8y@google.co.jp,5632 Warbler Center,Phoenix,AZ,85077
324,Marmaduke,McArt,1-(404)512-2676,mmcart8z@pagesperso-orange.fr,22 Sugar Park,Atlanta,GA,31190
325,Lynnea,Eastabrook,1-(208)584-0619,leastabrook90@prnewswire.com,7 Heffernan Crossing,Boise,ID,83757
326,Gabie,Halliwell,1-(559)408-2357,ghalliwell91@businesswire.com,506 Luster Terrace,Fresno,CA,93773
327,Laure,Nockles,1-(314)432-5514,lnockles92@drupal.org,15249 Susan Park,Saint Louis,MO,63136
328,Marge,Bramwich,1-(318)435-8748,mbramwich93@bbb.org,955 Bunting Avenue,Alexandria,LA,71307
329,Robby,Rann,1-(952)234-5693,rrann94@jigsy.com,508 Haas Junction,Young America,MN,55551
330,Bill,Keelan,1-(214)517-5114,bkeelan95@macromedia.com,737 West Drive,Dallas,TX,75260
331,Norbie,Terese,1-(504)337-7616,nterese96@example.com,2 Nevada Terrace,New Orleans,LA,70183
332,Denyse,Churchlow,1-(256)907-4568,dchurchlow97@businessweek.com,7 Maryland Trail,Huntsville,AL,35895
333,Lindsey,Rosentholer,1-(515)972-6056,lrosentholer98@mac.com,068 Buena Vista Plaza,Des Moines,IA,50310
334,Brigitta,Tsarovic,1-(323)578-8636,btsarovic99@vk.com,6 Miller Avenue,Los Angeles,CA,90094
335,Paula,Haith,1-(571)289-9297,phaith9a@imageshack.us,9 Warbler Hill,Alexandria,VA,22333
336,Patrick,Nott,1-(720)779-7039,pnott9b@cafepress.com,2 Lunder Parkway,Arvada,CO,80005
337,Melodee,Spradbrow,1-(954)743-0569,mspradbrow9c@myspace.com,349 Anniversary Avenue,Fort Lauderdale,FL,33315
338,Marrilee,Buick,1-(806)291-4830,mbuick9d@disqus.com,6273 Oxford Center,Amarillo,TX,79118
339,Lucio,Phittiplace,1-(719)513-4573,lphittiplace9e@bloglovin.com,0076 Harbort Hill,Colorado Springs,CO,80905
340,Oliy,Gerring,1-(202)631-5518,ogerring9f@smh.com.au,892 Spohn Pass,Washington,DC,20022
341,Ninnetta,Aleveque,1-(505)983-2500,naleveque9g@webs.com,3 Meadow Ridge Hill,Albuquerque,NM,87195
342,Dosi,McInility,1-(901)472-3002,dmcinility9h@bigcartel.com,40216 Harbort Parkway,Memphis,TN,38114
343,Dunc,Bartolomivis,1-(937)605-6154,dbartolomivis9i@globo.com,773 Holmberg Circle,Dayton,OH,45490
344,Dru,Coppledike,1-(216)894-9858,dcoppledike9j@reddit.com,938 Waxwing Court,Cleveland,OH,44197
345,Gallagher,Baldery,1-(626)788-8533,gbaldery9k@tinypic.com,092 Gateway Trail,Pasadena,CA,91125
346,Odey,Lattimer,1-(214)754-0206,olattimer9l@odnoklassniki.ru,941 Twin Pines Place,Dallas,TX,75392
347,Esra,Skarman,1-(202)888-3116,eskarman9m@bluehost.com,5 Brentwood Point,Washington,DC,20099
348,Darwin,Damant,1-(361)886-0011,ddamant9n@wordpress.org,2 Scofield Crossing,Corpus Christi,TX,78415
349,Christiane,Gibling,1-(816)630-5820,cgibling9o@europa.eu,94690 Dorton Point,Kansas City,MO,64193
350,Deeann,Ginn,1-(202)594-8218,dginn9p@amazon.de,2 Macpherson Terrace,Washington,DC,20575
351,Constantia,Shipley,1-(972)385-9519,cshipley9q@craigslist.org,48431 Victoria Street,Dallas,TX,75226
352,Cos,Piburn,1-(410)800-9188,cpiburn9r@theatlantic.com,8 Elmside Drive,Baltimore,MD,21229
353,Nancey,Downing,1-(804)563-2944,ndowning9s@tripadvisor.com,537 Manufacturers Road,Richmond,VA,23237
354,Raymund,Kneesha,1-(607)766-0773,rkneesha9t@istockphoto.com,91 Kingsford Terrace,Elmira,NY,14905
355,Erroll,Thaxton,1-(314)968-3409,ethaxton9u@goo.gl,943 Service Terrace,Saint Louis,MO,63131
356,Adore,Manifield,1-(740)392-0640,amanifield9v@creativecommons.org,78250 Rowland Lane,Columbus,OH,43240
357,Jessalyn,Lethibridge,1-(615)105-2394,jlethibridge9w@ning.com,078 Mccormick Junction,Nashville,TN,37245
358,Laurianne,Eakle,1-(603)874-1606,leakle9x@google.pl,0795 Norway Maple Road,Portsmouth,NH,03804
359,Erastus,Vogel,1-(570)899-0655,evogel9y@ftc.gov,91 High Crossing Street,Wilkes Barre,PA,18706
360,Golda,Fayre,1-(616)183-8846,gfayre9z@yellowpages.com,5191 Manley Parkway,Grand Rapids,MI,49518
361,Claus,Muzzillo,1-(713)669-5248,cmuzzilloa0@hp.com,8 Fuller Junction,Houston,TX,77234
362,Karen,Falck,1-(724)757-0179,kfalcka1@weibo.com,50964 East Place,Pittsburgh,PA,15235
363,Moses,Sambells,1-(267)695-8643,msambellsa2@indiegogo.com,60060 Del Mar Trail,Bethlehem,PA,18018
364,Llewellyn,Foran,1-(215)707-0217,lforana3@facebook.com,8323 Cordelia Way,Philadelphia,PA,19160
365,Alisha,Sherland,1-(816)708-1664,asherlanda4@pagesperso-orange.fr,6853 Warrior Terrace,Kansas City,MO,64193
366,Mollie,Tillyer,1-(682)490-1341,mtillyera5@drupal.org,2029 Dahle Court,Fort Worth,TX,76192
367,Marsiella,Follen,1-(915)889-9899,mfollena6@netlog.com,40986 1st Pass,El Paso,TX,88574
368,Bellanca,Oades,1-(615)751-3502,boadesa7@eventbrite.com,988 Stone Corner Center,Nashville,TN,37250
369,Janelle,Slimings,1-(203)341-7529,jslimingsa8@homestead.com,10 Clarendon Terrace,Bridgeport,CT,06673
370,Kayla,Artiss,1-(909)247-5794,kartissa9@mozilla.org,2 New Castle Park,San Bernardino,CA,92405
371,Burl,Harradence,1-(202)661-1949,bharradenceaa@bloglovin.com,144 Pearson Center,Washington,DC,20546
372,Isabelle,Cicutto,1-(951)923-2634,icicuttoab@ted.com,7 Granby Avenue,Riverside,CA,92513
373,Rochella,Bottby,1-(505)412-0963,rbottbyac@samsung.com,54 Hallows Drive,Albuquerque,NM,87121
374,Moritz,Glasard,1-(304)698-1426,mglasardad@symantec.com,799 Hooker Trail,Huntington,WV,25770
375,Arluene,Graver,1-(714)934-7856,agraverae@google.es,8915 Pearson Way,Irvine,CA,92710
376,Jereme,McWard,1-(805)756-1048,jmcwardaf@fastcompany.com,11491 Gina Parkway,Simi Valley,CA,93094
377,Ange,Dannett,1-(901)247-2408,adannettag@furl.net,0 Talisman Avenue,Memphis,TN,38104
378,Kaitlin,Ainslee,1-(304)669-8578,kainsleeah@cbslocal.com,380 Cottonwood Lane,Charleston,WV,25305
379,Minda,Whistan,1-(940)244-8082,mwhistanai@bigcartel.com,33 Hallows Place,Denton,TX,76210
380,Ninette,Beartup,1-(281)427-2467,nbeartupaj@answers.com,579 Service Terrace,Spring,TX,77386
381,Sallyann,Kempson,1-(806)664-4377,skempsonak@soup.io,95 Susan Lane,Amarillo,TX,79176
382,Bernard,Scuse,1-(713)963-9049,bscuseal@clickbank.net,8 Hollow Ridge Court,Houston,TX,77271
383,Cinda,Abrahamsen,1-(754)142-5520,cabrahamsenam@tinyurl.com,96 Eastwood Avenue,Fort Lauderdale,FL,33336
384,Nicol,Kesper,1-(515)906-7042,nkesperan@hud.gov,4762 Golden Leaf Junction,Des Moines,IA,50936
385,Allx,Chesshyre,1-(602)538-0194,achesshyreao@purevolume.com,8 Farmco Way,Phoenix,AZ,85035
386,Anatollo,Blaisdell,1-(334)902-1580,ablaisdellap@prweb.com,1 Morrow Junction,Montgomery,AL,36119
387,Grantham,Putland,1-(313)404-6465,gputlandaq@skyrock.com,3168 Sunnyside Point,Detroit,MI,48275
388,Wake,Edrich,1-(920)623-1065,wedrichar@sina.com.cn,03130 Clemons Lane,Milwaukee,WI,53205
389,Deina,Niblock,1-(651)395-8218,dniblockas@nba.com,3 Bayside Park,Saint Paul,MN,55146
390,Linc,Aireton,1-(815)695-0229,lairetonat@amazon.com,041 Almo Crossing,Rockford,IL,61105
391,Bertie,Penas,1-(318)500-8628,bpenasau@so-net.ne.jp,9 Meadow Vale Center,Shreveport,LA,71105
392,Octavia,Aherne,1-(513)657-4194,oaherneav@hexun.com,2 Mayer Way,Cincinnati,OH,45243
393,Clarabelle,Duffin,1-(512)434-6018,cduffinaw@tripod.com,72463 Coleman Point,Austin,TX,78764
394,Polly,Daintree,1-(719)849-2030,pdaintreeax@cpanel.net,8 Forster Point,Colorado Springs,CO,80925
395,Roxie,Kuhne,1-(801)884-2916,rkuhneay@weather.com,115 Bartillon Street,Salt Lake City,UT,84120
396,Celina,Lavers,1-(678)489-4115,claversaz@techcrunch.com,6186 Lindbergh Street,Atlanta,GA,30316
397,Berty,Haslock,1-(504)194-1203,bhaslockb0@census.gov,9511 Maple Crossing,Metairie,LA,70033
398,Bertrand,Dilke,1-(785)306-7139,bdilkeb1@europa.eu,4 Hermina Road,Topeka,KS,66629
399,Tades,Doumerque,1-(717)721-5493,tdoumerqueb2@rambler.ru,4 Buell Junction,Harrisburg,PA,17121
400,Loretta,Walliker,1-(404)969-9318,lwallikerb3@npr.org,239 Claremont Court,Alpharetta,GA,30022
401,Baillie,Spykins,1-(713)872-7778,bspykinsb4@bbc.co.uk,82 Sage Circle,Houston,TX,77299
402,Livvy,Siddens,1-(309)603-5130,lsiddensb5@booking.com,4363 Scofield Junction,Carol Stream,IL,60158
403,Regina,Espadero,1-(505)890-6922,respaderob6@cbsnews.com,22461 Old Shore Drive,Albuquerque,NM,87121
404,Vikki,Ebbens,1-(217)785-7473,vebbensb7@sfgate.com,6474 Melody Alley,Springfield,IL,62711
405,Tiffani,Bartoletti,1-(305)167-2229,tbartolettib8@cpanel.net,1359 Warbler Trail,Miami,FL,33261
406,Staffard,Kettlesting,1-(616)662-2609,skettlestingb9@hatena.ne.jp,53 Mcbride Center,Grand Rapids,MI,49560
407,Nita,Ashall,1-(216)914-3175,nashallba@wordpress.com,60 Annamark Avenue,Cleveland,OH,44105
408,Andeee,Blown,1-(719)293-2818,ablownbb@ebay.co.uk,46792 Kings Road,Colorado Springs,CO,80910
409,Peg,Garnar,1-(770)299-4244,pgarnarbc@seesaa.net,26930 Dawn Parkway,Atlanta,GA,30301
410,Sibel,Airy,1-(970)306-2683,sairybd@storify.com,844 Kinsman Parkway,Greeley,CO,80638
411,Beckie,Cookson,1-(828)426-7118,bcooksonbe@infoseek.co.jp,3 Fairview Drive,Asheville,NC,28815
412,Stephani,Cobb,1-(321)406-1720,scobbbf@nhs.uk,3 Hoepker Circle,Melbourne,FL,32941
413,Winifred,Jewis,1-(806)186-5981,wjewisbg@wordpress.org,9 Bartillon Terrace,Lubbock,TX,79410
414,Dore,Dakhov,1-(915)249-5454,ddakhovbh@google.de,0 Hollow Ridge Avenue,El Paso,TX,88546
415,Fredrika,Geraldini,1-(813)814-6723,fgeraldinibi@360.cn,53313 Grim Avenue,Tampa,FL,33620
416,Bernie,Simms,1-(337)776-0426,bsimmsbj@about.com,177 Eagle Crest Plaza,Lafayette,LA,70505
417,Arlinda,Withnall,1-(310)649-5317,awithnallbk@icio.us,77 Rusk Court,Torrance,CA,90505
418,Timmy,Medford,1-(513)473-5418,tmedfordbl@printfriendly.com,8 Hovde Park,Cincinnati,OH,45264
419,Dan,Bascomb,1-(570)809-9559,dbascombbm@pcworld.com,5 Village Green Pass,Scranton,PA,18514
420,Terry,Pluthero,1-(717)747-4528,tplutherobn@constantcontact.com,5 Toban Lane,Lancaster,PA,17622
421,Rooney,Kiraly,1-(260)674-4444,rkiralybo@sbwire.com,7191 Loeprich Trail,Fort Wayne,IN,46867
422,Cathyleen,Lowrey,1-(361)786-8147,clowreybp@seattletimes.com,82 Ryan Pass,Corpus Christi,TX,78415
423,Karlyn,Drysdall,1-(402)380-6855,kdrysdallbq@google.nl,041 Melby Park,Lincoln,NE,68510
424,Harri,Yoell,1-(817)311-1368,hyoellbr@taobao.com,34 Rowland Road,Fort Worth,TX,76105
425,Timofei,Broomhall,1-(806)488-9530,tbroomhallbs@newsvine.com,52534 Del Mar Alley,Amarillo,TX,79182
426,Elonore,O'Loughlin,1-(361)242-7364,eoloughlinbt@telegraph.co.uk,43 Dakota Park,Corpus Christi,TX,78405
427,Patience,Novak,1-(513)617-2037,pnovakbu@mail.ru,9658 Macpherson Alley,Cincinnati,OH,45238
428,Jon,Dean,1-(516)182-0339,jdeanbv@cmu.edu,14346 Hansons Court,Jamaica,NY,11407
429,Standford,Snarie,1-(212)122-0289,ssnariebw@sun.com,2 Duke Court,Brooklyn,NY,11254
430,Ralf,Rape,1-(314)553-6614,rrapebx@rakuten.co.jp,96 School Lane,Saint Louis,MO,63196
431,Devina,Fewings,1-(212)696-7501,dfewingsby@apple.com,64227 Butterfield Lane,New York City,NY,10034
432,Bernice,Guille,1-(702)277-3778,bguillebz@privacy.gov.au,10 Linden Court,North Las Vegas,NV,89036
433,Maxy,Engledow,1-(205)190-7666,mengledowc0@comcast.net,1 Summerview Way,Birmingham,AL,35231
434,Eolanda,Braker,1-(860)109-2836,ebrakerc1@w3.org,1 Swallow Drive,Hartford,CT,06160
435,Moira,Laurenz,1-(989)831-2571,mlaurenzc2@blogtalkradio.com,1816 North Court,Midland,MI,48670
436,Elysee,Casterou,1-(619)818-7616,ecasterouc3@photobucket.com,5714 Mayfield Drive,San Diego,CA,92176
437,Leanor,Harbert,1-(712)742-8063,lharbertc4@merriam-webster.com,0256 Hermina Trail,Omaha,NE,68134
438,Meridith,Kevis,1-(512)496-8489,mkevisc5@de.vu,6 Union Plaza,Austin,TX,78732
439,Elsy,Gladeche,1-(706)483-0767,egladechec6@telegraph.co.uk,9859 Hintze Circle,Cumming,GA,30130
440,Scottie,Pierpoint,1-(785)661-5365,spierpointc7@technorati.com,304 Mayer Parkway,Topeka,KS,66642
441,Corabella,Beaven,1-(505)637-5899,cbeavenc8@plala.or.jp,890 Wayridge Trail,Albuquerque,NM,87140
442,Lemar,Bourhill,1-(918)722-1823,lbourhillc9@omniture.com,1 Marcy Way,Tulsa,OK,74149
443,Lily,Rontree,1-(915)822-1611,lrontreeca@icq.com,2783 3rd Point,El Paso,TX,79934
444,Pollyanna,Topaz,1-(312)438-1101,ptopazcb@g.co,4 Bellgrove Trail,Chicago,IL,60663
445,Kimble,Lemoir,1-(203)865-7559,klemoircc@mozilla.com,810 Cody Alley,Danbury,CT,06816
446,Ravi,Legerton,1-(713)809-8573,rlegertoncd@hc360.com,4130 International Terrace,Houston,TX,77218
447,Donielle,Billing,1-(513)803-1917,dbillingce@nature.com,90 Gulseth Point,Cincinnati,OH,45264
448,Ronny,Sollowaye,1-(313)529-3804,rsollowayecf@51.la,63 Trailsway Point,Detroit,MI,48232
449,Kippie,Jacobson,1-(727)808-1213,kjacobsoncg@cbc.ca,8235 Namekagon Way,Saint Petersburg,FL,33737
450,Ariadne,Haggerty,1-(562)750-4183,ahaggertych@blog.com,90 Nelson Avenue,Long Beach,CA,90805
451,Brad,Crutcher,1-(215)674-2764,bcrutcherci@geocities.com,5 Sheridan Terrace,Philadelphia,PA,19151
452,Tarrah,Latour,1-(718)929-3275,tlatourcj@comsenz.com,8 Forest Run Road,New York City,NY,10110
453,Henrik,O'Fihillie,1-(619)514-1528,hofihillieck@jiathis.com,59612 Del Sol Alley,San Diego,CA,92153
454,Aeriel,Hallwood,1-(770)101-5978,ahallwoodcl@marriott.com,2409 Blaine Center,Duluth,GA,30195
455,Zea,Colebrook,1-(304)500-8260,zcolebrookcm@barnesandnoble.com,6306 Esch Terrace,Charleston,WV,25313
456,Torrey,Tindle,1-(412)214-4850,ttindlecn@chronoengine.com,37628 Holy Cross Junction,Pittsburgh,PA,15286
457,Beniamino,Manach,1-(619)551-6130,bmanachco@digg.com,5 Marcy Crossing,San Diego,CA,92176
458,Igor,Mergue,1-(808)727-5791,imerguecp@unesco.org,6661 Bartelt Drive,Honolulu,HI,96820
459,Nikola,Dance,1-(212)871-2577,ndancecq@japanpost.jp,1767 Pankratz Center,New York City,NY,10260
460,Nev,Aguirrezabala,1-(269)418-3452,naguirrezabalacr@tumblr.com,3874 Blue Bill Park Way,Battle Creek,MI,49018
461,Cathy,Fricke,1-(812)632-7112,cfrickecs@umn.edu,74058 Dahle Road,Evansville,IN,47712
462,Avram,Roget,1-(516)718-6175,arogetct@soundcloud.com,8 Hermina Pass,Port Washington,NY,11054
463,Tymothy,Goodliff,1-(251)730-1981,tgoodliffcu@eepurl.com,1 Troy Junction,Mobile,AL,36605
464,Reagan,Juan,1-(804)403-2274,rjuancv@example.com,665 Rutledge Court,Richmond,VA,23260
465,Gregorio,Longhi,1-(772)791-2021,glonghicw@yelp.com,46936 Fremont Terrace,Fort Pierce,FL,34981
466,Radcliffe,Haffenden,1-(915)267-1508,rhaffendencx@spotify.com,84915 Dixon Junction,El Paso,TX,88563
467,Timmie,Nairns,1-(480)776-3384,tnairnscy@ftc.gov,28829 Coleman Plaza,Phoenix,AZ,85015
468,Geoffrey,Botten,1-(954)772-5255,gbottencz@omniture.com,8 Bluestem Alley,Miami,FL,33180
469,Tabatha,Stanning,1-(817)409-2018,tstanningd0@cbsnews.com,34 Forest Dale Park,Fort Worth,TX,76147
470,Sherman,Rachuig,1-(707)425-9253,srachuigd1@wikipedia.org,31178 Grover Parkway,Santa Rosa,CA,95405
471,Iseabal,Wilmore,1-(614)472-4665,iwilmored2@cpanel.net,2 Toban Terrace,Columbus,OH,43220
472,Elberta,Pordal,1-(979)360-4093,epordald3@illinois.edu,9 Clemons Drive,Bryan,TX,77806
473,Hamlin,Howarth,1-(916)384-7328,hhowarthd4@newyorker.com,16910 Harbort Trail,Sacramento,CA,95838
474,Delcina,MacSharry,1-(718)912-0537,dmacsharryd5@census.gov,81 Northport Alley,Brooklyn,NY,11220
475,Vincenty,Barhams,1-(907)904-1008,vbarhamsd6@noaa.gov,44887 Buhler Drive,Fairbanks,AK,99709
476,Danni,Becks,1-(267)721-8192,dbecksd7@domainmarket.com,17590 Green Pass,Levittown,PA,19058
477,Rosella,Lindner,1-(312)514-8945,rlindnerd8@hugedomains.com,42 Union Hill,Chicago,IL,60604
478,Danyette,Bottinelli,1-(504)315-4219,dbottinellid9@mediafire.com,69956 Buell Junction,New Orleans,LA,70154
479,Putnem,Abbatt,1-(989)220-4285,pabbattda@homestead.com,642 Spohn Terrace,Saginaw,MI,48604
480,Simmonds,Normant,1-(212)965-1408,snormantdb@diigo.com,46 Rockefeller Parkway,Brooklyn,NY,11247
481,Buddie,Beiderbeck,1-(808)512-2851,bbeiderbeckdc@ucsd.edu,521 Bonner Avenue,Honolulu,HI,96805
482,Cayla,Bidder,1-(716)296-3321,cbidderdd@auda.org.au,62944 Anzinger Place,Buffalo,NY,14220
483,Anabella,Yurshev,1-(336)985-9955,ayurshevde@rambler.ru,23641 Trailsway Drive,High Point,NC,27264
484,Cindee,Livsey,1-(520)501-4557,clivseydf@uiuc.edu,3 Riverside Point,Tucson,AZ,85754
485,Lorettalorna,Hurdwell,1-(937)855-6818,lhurdwelldg@archive.org,203 Anniversary Road,Springfield,OH,45505
486,Dominick,O Mullen,1-(516)179-5101,domullendh@t.co,6 Thackeray Court,Great Neck,NY,11024
487,Geordie,Cluse,1-(570)107-4431,gclusedi@theglobeandmail.com,178 Forest Dale Hill,Scranton,PA,18505
488,Chrissy,Parffrey,1-(718)697-6948,cparffreydj@geocities.jp,38624 Towne Road,Brooklyn,NY,11215
489,Merissa,Bridson,1-(915)161-9776,mbridsondk@wordpress.com,619 Hagan Alley,El Paso,TX,88574
490,Carlynn,Jewer,1-(913)890-5888,cjewerdl@ed.gov,3248 Victoria Way,Shawnee Mission,KS,66215
491,Abbye,Staveley,1-(202)137-9598,astaveleydm@hexun.com,97 Forest Trail,Washington,DC,20566
492,Sarette,Squirrell,1-(505)457-1182,ssquirrelldn@examiner.com,383 Dawn Plaza,Albuquerque,NM,87140
493,Reg,Viall,1-(513)595-7321,rvialldo@ehow.com,78904 Union Alley,Cincinnati,OH,45296
494,Melita,Mannagh,1-(520)854-9963,mmannaghdp@netvibes.com,183 Ridgeview Place,Prescott,AZ,86305
495,Monro,Jurs,1-(714)227-5432,mjursdq@dyndns.org,614 Maple Wood Lane,Fullerton,CA,92835
496,Bryant,Koenen,1-(706)934-4879,bkoenendr@soundcloud.com,0705 Bayside Circle,Columbus,GA,31998
497,Rozella,Dowthwaite,1-(314)937-6513,rdowthwaiteds@flavors.me,9330 Eagan Pass,Saint Louis,MO,63136
498,Abbey,Malam,1-(256)878-0049,amalamdt@opensource.org,12389 Artisan Way,Huntsville,AL,35810
499,Lorita,Dingley,1-(317)960-8436,ldingleydu@reference.com,2724 Spaight Point,Indianapolis,IN,46247
500,Zelma,Bernier,1-(865)924-7880,zbernierdv@linkedin.com,23616 Welch Pass,Knoxville,TN,37995
501,Felike,Summerrell,1-(305)210-6886,fsummerrelldw@over-blog.com,411 Independence Park,Miami,FL,33129
502,Nollie,Kaindl,1-(209)652-2084,nkaindldx@indiegogo.com,82200 Monument Road,Stockton,CA,95298
503,Felice,Cardero,1-(281)495-2838,fcarderody@myspace.com,636 Evergreen Place,Houston,TX,77015
504,Shane,Brambell,1-(704)596-0408,sbrambelldz@devhub.com,152 Hazelcrest Junction,Charlotte,NC,28299
505,Vin,Woolatt,1-(928)658-4533,vwoolatte0@wiley.com,6340 Golf View Center,Mesa,AZ,85210
506,Pascale,Dawnay,1-(714)131-0340,pdawnaye1@google.co.jp,36 Thierer Plaza,Santa Ana,CA,92725
507,Ardis,Shevell,1-(916)865-8025,ashevelle2@is.gd,8965 Macpherson Avenue,Sacramento,CA,95828
508,Alexio,Scarlett,1-(608)506-0994,ascarlette3@mit.edu,22 Anniversary Parkway,Madison,WI,53779
509,Mariette,Cosser,1-(248)537-4086,mcossere4@cnbc.com,05432 Hoepker Parkway,Detroit,MI,48258
510,Umberto,Lesurf,1-(585)153-7890,ulesurfe5@washington.edu,482 Derek Way,Rochester,NY,14604
511,Viole,Frith,1-(610)444-2895,vfrithe6@hud.gov,690 New Castle Way,Philadelphia,PA,19104
512,Angil,McBrier,1-(202)530-4828,amcbriere7@woothemes.com,67642 Village Green Trail,Washington,DC,20409
513,Teodoor,Balharry,1-(814)569-6954,tbalharrye8@de.vu,5 Kinsman Court,Erie,PA,16550
514,Veda,Cantrill,1-(661)408-5626,vcantrille9@businesswire.com,29 Lakeland Alley,Burbank,CA,91505
515,Myranda,Lowes,1-(610)308-5856,mlowesea@1und1.de,9218 Mcbride Pass,Bethlehem,PA,18018
516,Tonie,Measen,1-(480)826-3254,tmeaseneb@twitter.com,2 Hauk Road,Tempe,AZ,85284
517,Kareem,Matyushenko,1-(517)927-9934,kmatyushenkoec@google.pl,93049 Monterey Drive,Lansing,MI,48930
518,Lind,Ibbitt,1-(314)502-0970,libbitted@over-blog.com,3015 Dexter Avenue,Saint Louis,MO,63167
519,Tessy,Blankman,1-(321)338-7388,tblankmanee@narod.ru,4 Farwell Plaza,Palm Bay,FL,32909
520,Allard,Petricek,1-(317)406-1416,apetricekef@reverbnation.com,9 Shelley Lane,Indianapolis,IN,46254
521,Breanne,Westcot,1-(804)279-8208,bwestcoteg@smh.com.au,8 Merry Center,Richmond,VA,23225
522,Hebert,Skett,1-(760)814-4819,hsketteh@google.com.hk,75489 Bartillon Parkway,Huntington Beach,CA,92648
523,Hector,Lindstedt,1-(360)409-7346,hlindstedtei@japanpost.jp,75962 Surrey Center,Vancouver,WA,98687
524,Rupert,Ickowicz,1-(865)393-4628,rickowiczej@hibu.com,3 Oak Drive,Knoxville,TN,37995
525,Stephanus,Quinlan,1-(717)930-9960,squinlanek@blogtalkradio.com,72 Buhler Circle,Harrisburg,PA,17110
526,Westleigh,Godball,1-(410)455-7916,wgodballel@arstechnica.com,4422 Toban Street,Baltimore,MD,21281
527,Tabby,Drever,1-(336)984-9720,tdreverem@nih.gov,64260 Eagan Plaza,Greensboro,NC,27404
528,Conrade,Gonsalvez,1-(316)394-3214,cgonsalvezen@craigslist.org,87910 Sheridan Park,Wichita,KS,67230
529,Gillie,Paulucci,1-(347)335-1163,gpauluccieo@mlb.com,31 Maple Wood Park,New York City,NY,10270
530,Renaud,Stammirs,1-(248)262-1682,rstammirsep@wordpress.org,8304 Schlimgen Plaza,Farmington,MI,48335
531,Nicolais,Aldersley,1-(760)173-6029,naldersleyeq@psu.edu,6 7th Avenue,Oceanside,CA,92056
532,Rebeca,Sidney,1-(972)869-3368,rsidneyer@a8.net,69 Westport Place,Plano,TX,75074
533,Christy,MacDowall,1-(813)558-1530,cmacdowalles@comcast.net,5400 Washington Pass,Tampa,FL,33694
534,Amye,Kener,1-(509)397-9541,akeneret@twitter.com,4562 Mcguire Lane,Yakima,WA,98907
535,Hadlee,Janusik,1-(215)961-8560,hjanusikeu@themeforest.net,07848 Carey Avenue,Philadelphia,PA,19172
536,Kalil,Leftwich,1-(502)824-2700,kleftwichev@pen.io,166 Maple Wood Street,Louisville,KY,40293
537,Reade,Stobbe,1-(585)521-9046,rstobbeew@craigslist.org,4 Claremont Point,Rochester,NY,14619
538,Hewe,Sallter,1-(303)450-1561,hsallterex@indiatimes.com,8013 Clarendon Alley,Littleton,CO,80126
539,Nannette,Coraini,1-(817)729-0618,ncorainiey@aboutads.info,08 Fair Oaks Pass,Fort Worth,TX,76147
540,Mattie,Solon,1-(202)700-6359,msolonez@fema.gov,42107 South Alley,Washington,DC,20557
541,Ira,Lalor,1-(218)716-7207,ilalorf0@indiegogo.com,2687 Springs Way,Minneapolis,MN,55423
542,Cherie,Stonehewer,1-(318)136-9466,cstonehewerf1@github.io,6 Granby Street,Monroe,LA,71213
543,Shirley,Van Ross,1-(205)495-0913,svanrossf2@marketwatch.com,5 Gateway Parkway,Birmingham,AL,35263
544,Ethelyn,Wolfit,1-(202)224-4289,ewolfitf3@typepad.com,21146 Sutteridge Pass,Washington,DC,20397
545,Dulcy,Levesley,1-(202)352-9539,dlevesleyf4@cisco.com,12 Scott Way,Washington,DC,20535
546,Garrik,Oolahan,1-(402)774-5117,goolahanf5@istockphoto.com,2 Thompson Drive,Lincoln,NE,68524
547,Edan,Goldsworthy,1-(304)612-1555,egoldsworthyf6@techcrunch.com,41 Service Lane,Huntington,WV,25726
548,Hobard,Gilmartin,1-(334)197-8452,hgilmartinf7@ibm.com,14 Scofield Crossing,Montgomery,AL,36134
549,Shirl,Towns,1-(818)394-7033,stownsf8@sphinn.com,69 Corry Hill,Brea,CA,92822
550,Chelsy,Cotes,1-(503)618-8122,ccotesf9@comsenz.com,5119 Lighthouse Bay Circle,Salem,OR,97306
551,Elke,Adamovsky,1-(720)493-9300,eadamovskyfa@webmd.com,6 Blackbird Place,Denver,CO,80223
552,Justine,Summerson,1-(630)344-4656,jsummersonfb@mediafire.com,683 Bluejay Road,Aurora,IL,60505
553,Eulalie,Abella,1-(850)116-2976,eabellafc@sohu.com,0 Truax Circle,Pinellas Park,FL,34665
554,Phaidra,Giddons,1-(217)667-6419,pgiddonsfd@livejournal.com,4 Warbler Avenue,Springfield,IL,62711
555,Traver,O'Scanlan,1-(239)528-7027,toscanlanfe@t-online.de,51 Tomscot Court,Naples,FL,34102
556,Ludvig,Llewelyn,1-(719)926-9940,lllewelynff@statcounter.com,12142 Park Meadow Park,Colorado Springs,CO,80995
557,Cynthie,De la Yglesia,1-(754)649-6658,cdelayglesiafg@pbs.org,427 Riverside Street,Pompano Beach,FL,33064
558,Guy,Souttar,1-(312)368-5569,gsouttarfh@youtu.be,212 Bobwhite Plaza,Chicago,IL,60636
559,Rivy,Tudor,1-(864)952-3200,rtudorfi@dailymail.co.uk,5 Scofield Point,Greenville,SC,29605
560,Dietrich,Blythe,1-(602)789-9267,dblythefj@buzzfeed.com,08 Eagan Trail,Phoenix,AZ,85045
561,Lissie,Mongan,1-(502)892-8338,lmonganfk@flavors.me,97 Westridge Road,Louisville,KY,40293
562,Sanderson,Bridgwater,1-(808)653-2510,sbridgwaterfl@apache.org,7 Barnett Court,Honolulu,HI,96805
563,Caleb,Cleynman,1-(281)648-8266,ccleynmanfm@irs.gov,6 Burrows Junction,Galveston,TX,77554
564,Desiree,Mac Giolla Pheadair,1-(661)460-7860,dmacgiollapheadairfn@hatena.ne.jp,29090 Elmside Drive,Lancaster,CA,93584
565,Edin,Werndly,1-(806)415-4029,ewerndlyfo@apple.com,490 Mitchell Street,Amarillo,TX,79116
566,Mariam,Yendle,1-(903)863-9975,myendlefp@angelfire.com,6 Stephen Pass,Longview,TX,75605
567,Arielle,Pingston,1-(469)803-9676,apingstonfq@engadget.com,8233 Merry Park,Plano,TX,75074
568,Llewellyn,McVane,1-(503)295-3310,lmcvanefr@newsvine.com,2 Artisan Alley,Beaverton,OR,97075
569,Brenna,Wooton,1-(561)881-1776,bwootonfs@un.org,832 Loomis Place,West Palm Beach,FL,33416
570,Melba,Plaid,1-(330)216-9000,mplaidft@themeforest.net,250 Sherman Place,Warren,OH,44485
571,Caty,Sandyford,1-(215)354-9610,csandyfordfu@imdb.com,831 Sommers Center,Philadelphia,PA,19160
572,Wilfrid,Downer,1-(915)438-8782,wdownerfv@europa.eu,8 Bunting Crossing,El Paso,TX,88563
573,Tabbie,Baly,1-(404)774-8433,tbalyfw@bloglines.com,2 Village Green Terrace,Atlanta,GA,30375
574,Piotr,Schwant,1-(281)367-9527,pschwantfx@archive.org,78684 Schmedeman Parkway,Houston,TX,77040
575,Jarvis,Gonnin,1-(602)316-7034,jgonninfy@cmu.edu,79 Harbort Street,Glendale,AZ,85311
576,Karlen,Thonason,1-(205)407-3088,kthonasonfz@auda.org.au,535 Oak Valley Pass,Tuscaloosa,AL,35405
577,Filberte,Rolin,1-(661)773-5994,froling0@uol.com.br,9 Maple Avenue,Bakersfield,CA,93399
578,Georgianne,Trathen,1-(405)607-5073,gtratheng1@comcast.net,47862 Leroy Pass,Oklahoma City,OK,73119
579,Una,Jager,1-(713)255-8308,ujagerg2@google.ca,524 Westridge Circle,Houston,TX,77271
580,Jere,Tommei,1-(215)445-0052,jtommeig3@miitbeian.gov.cn,227 Talisman Parkway,Philadelphia,PA,19131
581,Waneta,Luxon,1-(423)471-1724,wluxong4@purevolume.com,43350 Darwin Plaza,Kingsport,TN,37665
582,Joe,O'Dulchonta,1-(907)208-5464,jodulchontag5@istockphoto.com,91182 Almo Hill,Anchorage,AK,99512
583,Edmon,Sidlow,1-(915)119-8605,esidlowg6@squarespace.com,989 Huxley Circle,El Paso,TX,79955
584,Nerti,Trawin,1-(716)899-1378,ntrawing7@lycos.com,11908 Gerald Alley,Buffalo,NY,14276
585,Terry,Pinnegar,1-(612)220-3646,tpinnegarg8@godaddy.com,8 Hermina Park,Minneapolis,MN,55487
586,Jakie,Aronovich,1-(704)996-6984,jaronovichg9@tinyurl.com,7 Barnett Court,Charlotte,NC,28210
587,Obadias,Glenister,1-(804)572-8414,oglenisterga@nymag.com,56357 Brentwood Way,Richmond,VA,23260
588,Albie,Fforde,1-(907)949-0456,affordegb@umich.edu,97 Merchant Parkway,Anchorage,AK,99522
589,Sorcha,Feighney,1-(626)865-8125,sfeighneygc@adobe.com,369 Lerdahl Road,Pasadena,CA,91117
590,Misha,Blacker,1-(225)462-6214,mblackergd@surveymonkey.com,5882 Birchwood Street,Baton Rouge,LA,70826
591,Malachi,Pitceathly,1-(212)778-7117,mpitceathlyge@cbc.ca,4281 Atwood Circle,Brooklyn,NY,11254
592,Norris,Daintry,1-(916)388-6770,ndaintrygf@blogs.com,77640 Emmet Way,Sacramento,CA,95838
593,Saleem,Rubartelli,1-(661)795-3768,srubartelligg@miitbeian.gov.cn,872 American Ash Road,Bakersfield,CA,93381
594,Sean,Bassom,1-(303)311-9643,sbassomgh@nymag.com,47185 Scoville Drive,Denver,CO,80291
595,Fletcher,Pratt,1-(716)231-3503,fprattgi@bigcartel.com,58 Vermont Junction,Buffalo,NY,14205
596,Cordi,Esland,1-(312)662-5875,ceslandgj@plala.or.jp,22717 Stephen Center,Chicago,IL,60686
597,Charisse,Coal,1-(402)338-4064,ccoalgk@bing.com,0 Melvin Circle,Lincoln,NE,68531
598,Rafaelita,Spencley,1-(336)467-4247,rspencleygl@friendfeed.com,84 Nelson Place,Greensboro,NC,27409
599,Prudence,Stillmann,1-(215)520-8051,pstillmanngm@msu.edu,11389 Vahlen Point,Philadelphia,PA,19115
600,Emilia,Tukesby,1-(971)155-8671,etukesbygn@angelfire.com,28919 Scoville Alley,Portland,OR,97232
601,Otes,Leahey,1-(518)127-2334,oleaheygo@bravesites.com,6149 Oxford Hill,Schenectady,NY,12325
602,Billi,Murt,1-(201)538-6196,bmurtgp@linkedin.com,0 Gateway Avenue,Paterson,NJ,07522
603,Branden,Rodell,1-(480)270-6215,brodellgq@cargocollective.com,896 Carey Alley,Mesa,AZ,85210
604,Wainwright,Parkhouse,1-(863)983-4740,wparkhousegr@amazon.co.uk,832 Michigan Drive,Lakeland,FL,33805
605,Chad,Doyle,1-(410)201-4134,cdoylegs@omniture.com,48707 Shoshone Junction,Baltimore,MD,21216
606,Fanechka,Hansod,1-(954)150-7358,fhansodgt@infoseek.co.jp,6 Sheridan Avenue,West Palm Beach,FL,33411
607,Wayne,Glanz,1-(402)655-7793,wglanzgu@meetup.com,187 Logan Hill,Omaha,NE,68144
608,Sidnee,Tash,1-(315)565-1391,stashgv@ow.ly,9317 Havey Junction,Syracuse,NY,13210
609,Micki,Mannock,1-(317)334-2479,mmannockgw@so-net.ne.jp,88246 School Park,Indianapolis,IN,46254
610,Quillan,Karim,1-(203)538-3695,qkarimgx@answers.com,74 Oakridge Place,Waterbury,CT,06721
611,Clara,Boolsen,1-(501)302-6887,cboolsengy@creativecommons.org,704 Annamark Park,North Little Rock,AR,72199
612,Arnaldo,Adicot,1-(804)924-0971,aadicotgz@adobe.com,1856 Summer Ridge Place,Richmond,VA,23228
613,Prue,Tubble,1-(605)877-5668,ptubbleh0@webeden.co.uk,017 Helena Center,Sioux Falls,SD,57198
614,Denny,Yashanov,1-(281)512-8488,dyashanovh1@buzzfeed.com,90989 Moose Court,Houston,TX,77050
615,Brien,Nestoruk,1-(309)824-5406,bnestorukh2@webs.com,6870 Sauthoff Street,Carol Stream,IL,60158
616,Florence,Shelmerdine,1-(719)967-2595,fshelmerdineh3@columbia.edu,74 Norway Maple Alley,Colorado Springs,CO,80905
617,Ardyce,Coldicott,1-(513)362-4068,acoldicotth4@unc.edu,770 Randy Way,Cincinnati,OH,45223
618,Alvie,Sambell,1-(915)401-9118,asambellh5@admin.ch,0156 Upham Street,El Paso,TX,79955
619,Jacquelynn,Sole,1-(202)584-4899,jsoleh6@bandcamp.com,69632 Norway Maple Court,Washington,DC,20380
620,Dollie,Bamborough,1-(704)385-1349,dbamboroughh7@canalblog.com,1705 Comanche Point,Charlotte,NC,28225
621,Kenton,Defond,1-(646)624-7632,kdefondh8@npr.org,925 Vidon Hill,New York City,NY,10024
622,Lauretta,Lapley,1-(512)577-8350,llapleyh9@mac.com,99 South Center,Austin,TX,78710
623,Remus,Tudball,1-(806)856-2250,rtudballha@amazon.com,10389 Elgar Lane,Amarillo,TX,79118
624,Angelico,Meachen,1-(419)824-7723,ameachenhb@squarespace.com,90 Prairieview Center,Mansfield,OH,44905
625,Zita,Deakin,1-(972)351-0201,zdeakinhc@dot.gov,4329 Badeau Junction,Dallas,TX,75342
626,Ardyth,Chatenet,1-(573)388-5765,achatenethd@etsy.com,12347 Lerdahl Center,Columbia,MO,65218
627,Fay,Devita,1-(682)769-1253,fdevitahe@china.com.cn,154 Monterey Terrace,Arlington,TX,76011
628,Al,Caustick,1-(626)472-9847,acaustickhf@dailymail.co.uk,7381 Hanson Alley,Pasadena,CA,91199
629,Netty,Dorot,1-(225)425-7989,ndorothg@ebay.co.uk,50256 Marquette Hill,Baton Rouge,LA,70810
630,Alonso,Benoey,1-(602)943-8313,abenoeyhh@huffingtonpost.com,90 Lakewood Avenue,Phoenix,AZ,85030
631,Betteanne,Rhucroft,1-(804)502-4767,brhucrofthi@alibaba.com,924 Lerdahl Pass,Richmond,VA,23289
632,Della,Durman,1-(615)594-8897,ddurmanhj@g.co,11 Burrows Trail,Nashville,TN,37245
633,Nathalie,Crossan,1-(304)207-0515,ncrossanhk@biglobe.ne.jp,6347 Loomis Avenue,Charleston,WV,25331
634,Milton,Smithies,1-(504)340-8548,msmithieshl@blogs.com,4510 Linden Trail,New Orleans,LA,70174
635,Brnaby,Spitell,1-(901)122-6209,bspitellhm@list-manage.com,14 Corben Way,Memphis,TN,38188
636,Kelsey,Layland,1-(810)178-8946,klaylandhn@cbc.ca,41 5th Terrace,Flint,MI,48505
637,Dan,Creaser,1-(469)744-8661,dcreaserho@sitemeter.com,67 Bonner Hill,Dallas,TX,75216
638,Yvonne,Colliber,1-(814)339-3591,ycolliberhp@live.com,0661 Stang Place,Erie,PA,16505
639,Coretta,Radborne,1-(704)855-1089,cradbornehq@barnesandnoble.com,247 Fremont Alley,Charlotte,NC,28263
640,Lucienne,Guilliland,1-(520)446-9759,lguillilandhr@wordpress.org,25 Steensland Street,Tucson,AZ,85743
641,Ewell,Snook,1-(850)440-6097,esnookhs@yahoo.com,50 Valley Edge Place,Pensacola,FL,32595
642,Gilbertine,Yewdall,1-(817)746-4679,gyewdallht@wunderground.com,3 Darwin Trail,Fort Worth,TX,76121
643,Jody,Reely,1-(214)285-2542,jreelyhu@liveinternet.ru,8 Moulton Avenue,Dallas,TX,75353
644,Dorolisa,Hecks,1-(202)680-3957,dheckshv@sakura.ne.jp,75 Springview Hill,Washington,DC,20436
645,Lauralee,Battlestone,1-(214)456-2350,lbattlestonehw@amazon.co.uk,2787 Heath Hill,Dallas,TX,75358
646,Drusi,Vaan,1-(843)102-1709,dvaanhx@oracle.com,94152 Melvin Junction,Charleston,SC,29411
647,Dun,Deane,1-(909)512-3701,ddeanehy@google.com.hk,62 Colorado Place,Riverside,CA,92505
648,Travers,Haffard,1-(512)321-2197,thaffardhz@yolasite.com,70 Hermina Way,Austin,TX,78721
649,Morly,Piele,1-(480)687-3342,mpielei0@ca.gov,164 Evergreen Avenue,Phoenix,AZ,85045
650,Karim,Starrs,1-(808)258-8562,kstarrsi1@gov.uk,348 Hazelcrest Park,Honolulu,HI,96825
651,Cecilius,Filppetti,1-(845)595-1282,cfilppettii2@miitbeian.gov.cn,161 Schlimgen Hill,White Plains,NY,10606
652,Coletta,Dumberrill,1-(480)911-3464,cdumberrilli3@ycombinator.com,59 Gerald Drive,Gilbert,AZ,85297
653,Mathe,Kinghorne,1-(310)462-8117,mkinghornei4@rediff.com,62 Orin Crossing,Inglewood,CA,90398
654,Brewster,Fydoe,1-(202)280-0483,bfydoei5@unesco.org,0851 Morning Pass,Washington,DC,20067
655,Kelsey,Liquorish,1-(361)978-8718,kliquorishi6@hexun.com,11477 Hintze Street,Corpus Christi,TX,78465
656,Rube,Smyley,1-(412)817-7657,rsmyleyi7@google.com,7 Scofield Drive,Pittsburgh,PA,15225
657,Allie,Tender,1-(478)685-5527,atenderi8@si.edu,92 Holmberg Crossing,Macon,GA,31296
658,Omar,Cridlan,1-(206)278-1205,ocridlani9@creativecommons.org,5 Tomscot Road,Seattle,WA,98115
659,Nelle,Dragge,1-(615)869-8453,ndraggeia@blogspot.com,069 Kim Lane,Memphis,TN,38104
660,Any,McAllen,1-(414)186-0613,amcallenib@google.it,1701 Tony Crossing,Milwaukee,WI,53215
661,Christel,Jury,1-(949)205-2102,cjuryic@un.org,40926 Reinke Lane,Huntington Beach,CA,92648
662,Carolan,Henrych,1-(210)743-7224,chenrychid@1und1.de,8923 Annamark Plaza,San Antonio,TX,78235
663,Nichole,Bront,1-(518)748-8280,nbrontie@auda.org.au,67506 Dwight Circle,Albany,NY,12210
664,Fayre,Longmate,1-(727)619-7971,flongmateif@nationalgeographic.com,4825 Sachs Drive,Saint Petersburg,FL,33742
665,Vivianne,Banham,1-()716-2525,vbanhamig@mozilla.com,08396 Armistice Hill,Pittsburgh,PA,15266
666,Celestia,Grigoli,1-(915)432-8855,cgrigoliih@cbc.ca,381 Dorton Junction,El Paso,TX,88579
667,Steward,Monelli,1-(352)935-5448,smonelliii@wiley.com,881 Fallview Trail,Brooksville,FL,34605
668,Margarette,Darmody,1-(682)132-6400,mdarmodyij@apache.org,3967 Continental Trail,Fort Worth,TX,76115
669,Osborn,Last,1-(858)710-8239,olastik@1und1.de,24293 Duke Avenue,Oceanside,CA,92056
670,Carrol,Loftie,1-(202)598-5106,cloftieil@eepurl.com,0355 Manufacturers Point,Washington,DC,20591
671,Myriam,Balint,1-(919)393-3309,mbalintim@geocities.com,902 Mesta Court,Raleigh,NC,27635
672,Tildie,Fall,1-(832)212-8248,tfallin@miitbeian.gov.cn,4393 Michigan Drive,Houston,TX,77075
673,Mollie,McCowan,1-(330)920-7914,mmccowanio@phpbb.com,611 Del Mar Pass,Akron,OH,44329
674,Ellswerth,Abyss,1-(757)599-6332,eabyssip@xing.com,13 Eastwood Point,Herndon,VA,22070
675,Allyn,Blackmore,1-(562)499-4889,ablackmoreiq@posterous.com,25599 Mockingbird Junction,Long Beach,CA,90831
676,Kania,Fleetham,1-(202)753-8111,kfleethamir@smh.com.au,09 Mallory Pass,Washington,DC,20409
677,Ibby,Clampin,1-(626)589-3257,iclampinis@cyberchimps.com,3484 Gulseth Trail,Pasadena,CA,91109
678,Ogdan,MacCracken,1-(415)217-0296,omaccrackenit@cdbaby.com,65 Truax Place,San Rafael,CA,94913
679,Pietra,Cattellion,1-(228)659-5517,pcattellioniu@w3.org,3 Clemons Lane,Gulfport,MS,39505
680,Byrann,Steers,1-(251)968-8871,bsteersiv@networksolutions.com,22289 Thompson Avenue,Mobile,AL,36622
681,Sammy,Hinckes,1-(405)283-0043,shinckesiw@tmall.com,74303 Fieldstone Hill,Oklahoma City,OK,73114
682,Cristabel,Snook,1-(202)367-0624,csnookix@msn.com,02365 Walton Center,Washington,DC,20456
683,Evita,Rydeard,1-(361)506-0337,erydeardiy@cbc.ca,9882 Loftsgordon Drive,Corpus Christi,TX,78415
684,Bendite,Wadeling,1-(650)652-5445,bwadelingiz@auda.org.au,19148 Graceland Terrace,Mountain View,CA,94042
685,Alex,Charge,1-(860)418-2024,achargej0@yellowbook.com,24468 Dorton Road,Hartford,CT,06183
686,Gwen,Trunchion,1-(816)558-9202,gtrunchionj1@macromedia.com,81 Eastlawn Point,Kansas City,MO,64130
687,Lorenza,Blackbrough,1-(319)104-7656,lblackbroughj2@github.com,25 Elka Lane,Iowa City,IA,52245
688,Rhonda,Stubbley,1-(256)931-6415,rstubbleyj3@csmonitor.com,282 Northridge Junction,Huntsville,AL,35805
689,Bobbe,Jancik,1-(815)781-6118,bjancikj4@squidoo.com,3 Manley Avenue,Rockford,IL,61110
690,Osgood,Kid,1-(559)527-9068,okidj5@xrea.com,92600 Oak Valley Hill,Visalia,CA,93291
691,Zak,Belitz,1-(502)266-6919,zbelitzj6@pcworld.com,16243 Oak Valley Center,Louisville,KY,40256
692,Jermayne,Lagne,1-(804)993-2559,jlagnej7@princeton.edu,26348 Dahle Trail,Richmond,VA,23203
693,Brittan,Seiffert,1-(972)472-4249,bseiffertj8@rakuten.co.jp,84212 Waxwing Park,Dallas,TX,75287
694,Cate,Dimitrescu,1-(432)330-9058,cdimitrescuj9@rakuten.co.jp,2496 Chive Trail,Midland,TX,79710
695,Gerick,Campana,1-(540)615-4295,gcampanaja@dyndns.org,2 Gulseth Point,Roanoke,VA,24014
696,Herc,Dicte,1-(573)357-6156,hdictejb@alexa.com,1 Dakota Court,Jefferson City,MO,65110
697,Modesty,Kinkade,1-(214)247-6566,mkinkadejc@newyorker.com,81 Magdeline Circle,Dallas,TX,75353
698,Curcio,Borth,1-(562)974-5531,cborthjd@illinois.edu,6 Grim Lane,Whittier,CA,90610
699,Kerwin,Schollar,1-(334)612-7887,kschollarje@ehow.com,6178 Reindahl Parkway,Montgomery,AL,36119
700,Donica,Such,1-(210)194-7865,dsuchjf@sciencedaily.com,164 Cordelia Lane,San Antonio,TX,78240
701,Jobye,Penketh,1-(202)107-6807,jpenkethjg@unicef.org,87544 Muir Drive,Washington,DC,20010
702,Jude,Sarfass,1-(513)103-3845,jsarfassjh@ycombinator.com,1 Hazelcrest Pass,Cincinnati,OH,45264
703,Ardella,Ede,1-(352)394-4172,aedeji@redcross.org,93 Autumn Leaf Parkway,Ocala,FL,34474
704,Selina,Cant,1-(719)296-4445,scantjj@opensource.org,59188 Nobel Court,Colorado Springs,CO,80951
705,Orelia,Wooler,1-(479)644-0123,owoolerjk@chronoengine.com,50772 Dexter Pass,Fort Smith,AR,72916
706,Hugh,Skep,1-(610)574-7247,hskepjl@comcast.net,842 Surrey Terrace,Philadelphia,PA,19120
707,Linus,Ditty,1-(806)535-7359,ldittyjm@paypal.com,47 Pennsylvania Park,Lubbock,TX,79410
708,Kary,Milmoe,1-(330)163-3853,kmilmoejn@upenn.edu,141 Logan Point,Canton,OH,44710
709,Lefty,Issacof,1-(281)974-7683,lissacofjo@mit.edu,48 Shopko Center,Houston,TX,77020
710,Miquela,Spadollini,1-(860)335-3471,mspadollinijp@bbc.co.uk,2057 Pepper Wood Parkway,Hartford,CT,06105
711,Jemmy,Oehm,1-(212)835-0324,joehmjq@boston.com,2246 Gina Point,Jamaica,NY,11499
712,Lurleen,Mees,1-(858)938-6539,lmeesjr@booking.com,3406 Cherokee Center,San Diego,CA,92110
713,Drew,McCrann,1-(216)695-4845,dmccrannjs@wisc.edu,3 Division Road,Cleveland,OH,44191
714,Bonnie,Allison,1-(304)792-1296,ballisonjt@wordpress.com,17727 Victoria Way,Charleston,WV,25331
715,Cleveland,Sterte,1-(202)505-6985,csterteju@nps.gov,525 Arkansas Circle,Washington,DC,20210
716,Robyn,Jannasch,1-(203)459-2946,rjannaschjv@tinypic.com,18966 Kings Junction,Waterbury,CT,06721
717,Bryce,De Matteis,1-(515)802-7471,bdematteisjw@narod.ru,32 Hermina Center,Des Moines,IA,50320
718,Etti,Hailes,1-(203)579-5507,ehailesjx@newsvine.com,07313 Buell Pass,New Haven,CT,06510
719,Minor,Kearney,1-(763)880-6806,mkearneyjy@discuz.net,511 American Junction,Minneapolis,MN,55446
720,Maximilianus,Lipson,1-(757)859-6708,mlipsonjz@hp.com,0 Warner Hill,Hampton,VA,23668
721,Marlene,Staton,1-(920)709-7572,mstatonk0@bizjournals.com,9 Forster Junction,Green Bay,WI,54305
722,Hannis,De Bernardis,1-(214)611-6578,hdebernardisk1@zdnet.com,37399 Fordem Lane,Dallas,TX,75397
723,Ranice,Bredgeland,1-(650)379-0047,rbredgelandk2@dailymotion.com,3 Michigan Plaza,Redwood City,CA,94064
724,Colly,Papaccio,1-(203)121-3284,cpapacciok3@usgs.gov,20 Esch Lane,Norwalk,CT,06854
725,Brenda,Hayland,1-(404)634-4514,bhaylandk4@tinypic.com,886 Alpine Way,Atlanta,GA,31136
726,Willa,Bake,1-(760)559-1905,wbakek5@washington.edu,0 Farmco Hill,Carlsbad,CA,92013
727,Tadeas,Glanvill,1-(662)582-3709,tglanvillk6@mashable.com,1559 Clemons Alley,Columbus,MS,39705
728,Horace,Sivell,1-(518)691-6750,hsivellk7@over-blog.com,37 Waubesa Center,Albany,NY,12232
729,Kerk,Lightman,1-(304)555-0164,klightmank8@eventbrite.com,1 Hudson Point,Huntington,WV,25716
730,Emeline,Nagle,1-(240)522-0082,enaglek9@list-manage.com,18 Hintze Terrace,Bethesda,MD,20816
731,Marci,Worner,1-(240)970-8223,mwornerka@bluehost.com,36 Algoma Lane,Gaithersburg,MD,20883
732,Jessika,Firks,1-(561)141-0902,jfirkskb@lulu.com,8445 Atwood Terrace,Lake Worth,FL,33467
733,Eddy,Raffles,1-(915)435-5558,eraffleskc@symantec.com,7 Jay Court,El Paso,TX,79989
734,Gail,Skirving,1-(860)950-3699,gskirvingkd@acquirethisname.com,3569 Alpine Avenue,Hartford,CT,06160
735,Silvio,Spicer,1-(601)848-8323,sspicerke@histats.com,932 Riverside Road,Hattiesburg,MS,39404
736,Elmira,Whorlton,1-(706)521-0909,ewhorltonkf@paginegialle.it,6 Dovetail Parkway,Columbus,GA,31914
737,Cindee,Liddel,1-(816)563-0192,cliddelkg@imdb.com,4095 Doe Crossing Street,Kansas City,MO,64187
738,Yank,Rollett,1-(201)661-9598,yrollettkh@ucsd.edu,5156 Lunder Circle,Newark,NJ,07112
739,Burnaby,Willmore,1-(502)993-0383,bwillmoreki@thetimes.co.uk,32 Warner Road,Louisville,KY,40210
740,Lyndel,Cossum,1-(304)326-1509,lcossumkj@ed.gov,9 Jana Park,Charleston,WV,25362
741,Pyotr,Baylis,1-(910)824-4577,pbayliskk@shutterfly.com,25195 Warbler Circle,Fayetteville,NC,28314
742,Bentlee,Ganforthe,1-(419)938-1025,bganforthekl@lulu.com,830 Sutteridge Plaza,Toledo,OH,43656
743,Celka,Stotherfield,1-(360)194-7080,cstotherfieldkm@smugmug.com,86698 Oak Valley Road,Vancouver,WA,98687
744,Jorey,Lincke,1-(804)180-5803,jlinckekn@wufoo.com,8 Corben Court,Richmond,VA,23260
745,Meg,Willes,1-(713)952-2707,mwillesko@discuz.net,893 Aberg Pass,Houston,TX,77255
746,Whitby,Burlingame,1-(313)817-8481,wburlingamekp@wunderground.com,45965 Melrose Drive,Detroit,MI,48211
747,Oralle,Puddefoot,1-(956)883-6461,opuddefootkq@acquirethisname.com,8 Harbort Hill,Laredo,TX,78044
748,Hillie,Imeson,1-(267)766-9081,himesonkr@npr.org,20811 Graceland Junction,Philadelphia,PA,19136
749,Les,Belfitt,1-(608)482-0051,lbelfittks@bluehost.com,459 Pepper Wood Way,Madison,WI,53705
750,Catherin,Orrom,1-(317)461-8504,corromkt@fastcompany.com,720 Sloan Place,Indianapolis,IN,46266
751,Shanan,Hawkyens,1-(239)942-0829,shawkyensku@homestead.com,609 Washington Junction,Naples,FL,34102
752,Eziechiele,Oliffe,1-(619)422-4056,eoliffekv@biblegateway.com,634 Continental Avenue,San Diego,CA,92137
753,Abbi,Toopin,1-(251)674-0335,atoopinkw@mail.ru,20483 Banding Street,Mobile,AL,36689
754,Valentino,Meuse,1-(954)597-6197,vmeusekx@ocn.ne.jp,424 Starling Court,Fort Lauderdale,FL,33305
755,Phebe,Strafford,1-(857)964-2475,pstraffordky@foxnews.com,91 Macpherson Park,Watertown,MA,02472
756,Eolande,O'Hogertie,1-(404)396-5068,eohogertiekz@joomla.org,9 Lukken Court,Atlanta,GA,30380
757,Ric,Arbon,1-(706)343-0549,rarbonl0@sbwire.com,362 Myrtle Hill,Columbus,GA,31904
758,Jakie,Hebditch,1-(914)368-6188,jhebditchl1@com.com,66655 Sheridan Center,Mount Vernon,NY,10557
759,Helenelizabeth,Tokley,1-(412)419-2733,htokleyl2@wikispaces.com,895 Loftsgordon Pass,Pittsburgh,PA,15215
760,Leonie,Tregunnah,1-(317)656-1286,ltregunnahl3@columbia.edu,85780 Eliot Pass,Indianapolis,IN,46254
761,Bearnard,Creane,1-(515)966-9416,bcreanel4@upenn.edu,04 Monument Trail,Des Moines,IA,50305
762,Teresa,Woodfield,1-(212)124-8156,twoodfieldl5@gov.uk,497 Dahle Trail,New York City,NY,10009
763,Stefan,Roddy,1-(419)558-9076,sroddyl6@w3.org,657 Lakewood Way,Toledo,OH,43635
764,Danice,Mercey,1-(704)794-0955,dmerceyl7@msu.edu,6 Bluestem Road,Charlotte,NC,28289
765,Rona,MacWhirter,1-(915)257-6194,rmacwhirterl8@com.com,89790 Grasskamp Junction,El Paso,TX,88569
766,Gilberte,Aitchinson,1-(727)185-8559,gaitchinsonl9@omniture.com,7 Meadow Valley Trail,Bradenton,FL,34210
767,Abrahan,Priestner,1-(773)459-0228,apriestnerla@cbsnews.com,1 Sheridan Pass,Chicago,IL,60609
768,Montague,Clynman,1-(786)862-4800,mclynmanlb@weibo.com,5340 Eastwood Trail,Miami,FL,33111
769,Daveta,Odde,1-(808)622-3917,doddelc@youtube.com,6 Oriole Terrace,Honolulu,HI,96850
770,Dale,Grafhom,1-(763)303-9320,dgrafhomld@usda.gov,9 Pierstorff Pass,Monticello,MN,55590
771,Tanney,Renforth,1-(915)116-8736,trenforthle@istockphoto.com,40062 Mesta Alley,El Paso,TX,88514
772,Sharline,Goodee,1-(562)480-3508,sgoodeelf@netscape.com,9555 Steensland Point,Long Beach,CA,90831
773,Ferris,Veazey,1-(503)108-5875,fveazeylg@sphinn.com,192 Cambridge Lane,Portland,OR,97201
774,Weston,Klinck,1-(702)574-6814,wklincklh@army.mil,63 Coolidge Road,Las Vegas,NV,89150
775,Maighdiln,Ordelt,1-(513)177-8490,mordeltli@cnn.com,714 Beilfuss Drive,Cincinnati,OH,45208
776,Hillery,Vidyapin,1-(505)381-8976,hvidyapinlj@timesonline.co.uk,5298 Carberry Way,Albuquerque,NM,87190
777,Adore,Borrie,1-(414)569-5915,aborrielk@netscape.com,4 Rigney Street,Milwaukee,WI,53234
778,Adolphe,Cowope,1-(518)969-7403,acowopell@webs.com,78 Chive Street,Albany,NY,12247
779,Osborne,Jost,1-(225)758-6498,ojostlm@wiley.com,805 Pond Way,Baton Rouge,LA,70805
780,Field,Hubbis,1-(614)245-5348,fhubbisln@altervista.org,176 Red Cloud Trail,Columbus,OH,43220
781,Tobe,Perkis,1-(734)504-5425,tperkislo@accuweather.com,3 Grasskamp Drive,Southfield,MI,48076
782,Ronald,Ubee,1-(213)557-1929,rubeelp@bluehost.com,7728 Columbus Place,Los Angeles,CA,90081
783,Guthry,Regi,1-(773)352-6133,gregilq@house.gov,1 Gale Hill,Chicago,IL,60646
784,Jessalin,Scading,1-(330)723-8194,jscadinglr@tiny.cc,149 Havey Road,Akron,OH,44321
785,Isadora,Kits,1-(937)683-4460,ikitsls@bravesites.com,84 Prairieview Center,Dayton,OH,45432
786,Effie,Hurlston,1-(915)592-5542,ehurlstonlt@chron.com,0 Sloan Trail,El Paso,TX,79950
787,Vidovik,Normanvill,1-(302)202-4625,vnormanvilllu@jimdo.com,2 Ronald Regan Junction,Newark,DE,19725
788,Rosetta,Gyles,1-(865)605-4175,rgyleslv@live.com,5904 Warrior Parkway,Knoxville,TN,37924
789,Eugene,Innis,1-(304)425-8003,einnislw@ft.com,97 Mariners Cove Terrace,Charleston,WV,25389
790,Stefanie,Summerskill,1-(251)467-6806,ssummerskilllx@dropbox.com,720 Dennis Plaza,Mobile,AL,36616
791,Jannel,Manwell,1-(317)853-2695,jmanwellly@time.com,51777 Del Mar Park,Indianapolis,IN,46221
792,Pansie,Milnthorpe,1-(202)755-9721,pmilnthorpelz@angelfire.com,4 Clyde Gallagher Road,Washington,DC,20456
793,Bunny,Cazin,1-(661)526-6910,bcazinm0@lulu.com,8561 Fordem Center,Palmdale,CA,93591
794,Lorianna,De Michetti,1-(352)834-7931,ldemichettim1@apple.com,4901 Washington Pass,Gainesville,FL,32610
795,Hannah,Whopples,1-(803)850-9860,hwhopplesm2@fda.gov,76 Memorial Crossing,Columbia,SC,29220
796,Daffi,Whitter,1-(512)466-7070,dwhitterm3@1und1.de,4647 Amoth Trail,Austin,TX,78754
797,Anna-diane,Ammer,1-(304)450-6375,aammerm4@desdev.cn,5779 Loomis Trail,Charleston,WV,25336
798,Sheridan,Blundell,1-(480)444-8511,sblundellm5@chron.com,9 Burrows Court,Gilbert,AZ,85297
799,Lauretta,Aukland,1-(773)104-6059,lauklandm6@mit.edu,0 Westridge Terrace,Chicago,IL,60609
800,Fairleigh,Ianittello,1-(770)301-3112,fianittellom7@senate.gov,49558 Helena Junction,Marietta,GA,30061
801,Cassy,Hatherill,1-(915)428-5171,chatherillm8@msu.edu,50 Raven Point,El Paso,TX,88584
802,Sileas,Thackray,1-(512)439-4946,sthackraym9@edublogs.org,21634 Mcbride Circle,Austin,TX,78769
803,Pauline,Dominichelli,1-(561)353-5621,pdominichellima@google.com.br,14048 Shopko Pass,Boynton Beach,FL,33436
804,Danell,Rikel,1-(954)665-9676,drikelmb@ow.ly,8 Nancy Alley,Fort Lauderdale,FL,33330
805,Hashim,Chapiro,1-(425)215-4391,hchapiromc@quantcast.com,611 American Place,Seattle,WA,98121
806,Oralia,Wem,1-(407)422-0641,owemmd@delicious.com,1321 Monica Terrace,Orlando,FL,32830
807,Mirilla,Carlisle,1-(330)145-4888,mcarlisleme@gizmodo.com,70520 Dwight Way,Youngstown,OH,44511
808,Alphonse,Paskins,1-(520)650-9034,apaskinsmf@icq.com,6529 Burrows Crossing,Tucson,AZ,85715
809,Artemus,Gibbie,1-(619)688-1459,agibbiemg@shinystat.com,842 Pleasure Way,San Diego,CA,92170
810,Kayla,Climance,1-(254)812-2672,kclimancemh@intel.com,365 Elgar Court,Waco,TX,76711
811,Rozele,Lusted,1-(614)444-4410,rlustedmi@nifty.com,4535 Sycamore Drive,Columbus,OH,43226
812,Vassily,Eitter,1-(203)548-3231,veittermj@dell.com,19748 Arrowood Alley,New Haven,CT,06538
813,Audy,Litchfield,1-(512)253-2409,alitchfieldmk@t.co,9 Barby Center,Austin,TX,78749
814,Arlette,Ramm,1-(615)727-7111,arammml@aol.com,24545 Huxley Drive,Nashville,TN,37250
815,Jazmin,Baskerville,1-(402)520-4295,jbaskervillemm@bing.com,01 Comanche Trail,Lincoln,NE,68510
816,Carlynn,Keighly,1-(404)754-6129,ckeighlymn@uiuc.edu,75638 Gateway Hill,Atlanta,GA,30375
817,Suzy,Hegden,1-(612)653-9684,shegdenmo@imdb.com,9 Nelson Circle,Saint Paul,MN,55114
818,Breanne,Splevin,1-(251)429-6316,bsplevinmp@chron.com,16 Grover Circle,Mobile,AL,36605
819,Yevette,Raddan,1-(937)353-3494,yraddanmq@sohu.com,251 Utah Alley,Dayton,OH,45408
820,Hank,Cordle,1-(212)634-3025,hcordlemr@sun.com,07997 6th Road,New York City,NY,10131
821,Yurik,Raymen,1-(808)718-3688,yraymenms@nih.gov,83 American Ash Park,Honolulu,HI,96850
822,Lorette,Stickland,1-(808)832-0442,lsticklandmt@tripod.com,5 Lien Hill,Honolulu,HI,96835
823,Crosby,Spratt,1-(501)731-3146,csprattmu@desdev.cn,38 Moulton Plaza,Little Rock,AR,72209
824,Sayer,Armatys,1-(559)863-6833,sarmatysmv@tiny.cc,8553 Farmco Junction,Fresno,CA,93778
825,Shepherd,Carbine,1-(502)829-8714,scarbinemw@google.cn,37265 Coleman Trail,Louisville,KY,40280
826,Lauritz,Bonefant,1-(816)973-3743,lbonefantmx@yolasite.com,96924 Knutson Place,Kansas City,MO,64136
827,Mayne,Puttock,1-(612)213-1529,mputtockmy@cnet.com,250 Waxwing Place,Saint Paul,MN,55127
828,Teriann,Trayes,1-(208)944-6431,ttrayesmz@cyberchimps.com,73 Main Terrace,Idaho Falls,ID,83405
829,Abra,Maty,1-(646)159-2684,amatyn0@qq.com,58 Tomscot Junction,Brooklyn,NY,11215
830,Casandra,Rivitt,1-(571)141-0669,crivittn1@constantcontact.com,93 Tennessee Terrace,Merrifield,VA,22119
831,Ellyn,Oxbe,1-(937)160-5620,eoxben2@geocities.jp,2 Garrison Pass,Dayton,OH,45403
832,Jeffrey,Frean,1-(646)772-6195,jfreann3@youtube.com,388 Havey Court,New York City,NY,10029
833,Devi,Heaselgrave,1-(214)826-7699,dheaselgraven4@blogtalkradio.com,57111 Prentice Point,Denton,TX,76210
834,Ruthe,Drohan,1-(336)873-1047,rdrohann5@cmu.edu,30 Transport Court,High Point,NC,27264
835,Gay,La Rosa,1-(239)628-1540,glarosan6@comsenz.com,507 Loeprich Plaza,Fort Myers,FL,33994
836,Gene,Troillet,1-(716)948-3218,gtroilletn7@smugmug.com,9579 Arapahoe Street,Buffalo,NY,14220
837,Nance,Poynter,1-(520)941-6320,npoyntern8@springer.com,25139 Eggendart Terrace,Tucson,AZ,85710
838,Hildagard,Yeoman,1-(574)410-9941,hyeomann9@pbs.org,2367 Colorado Circle,South Bend,IN,46614
839,Fannie,Bickerdicke,1-(401)867-4041,fbickerdickena@fc2.com,18 Paget Trail,Providence,RI,02912
840,Babbie,Baterip,1-(850)677-1272,bbateripnb@blogtalkradio.com,0813 Kingsford Park,Panama City,FL,32412
841,Oates,Lampart,1-(206)388-5507,olampartnc@smugmug.com,72734 Northport Lane,Seattle,WA,98148
842,Siusan,Rolph,1-(423)214-4573,srolphnd@hatena.ne.jp,314 Morning Junction,Kingsport,TN,37665
843,Mommy,Gravy,1-(551)592-4695,mgravyne@java.com,08165 Holmberg Alley,Jersey City,NJ,07310
844,Nevil,Grasner,1-(504)668-5816,ngrasnernf@wiley.com,32586 School Circle,New Orleans,LA,70149
845,Durand,Sirette,1-(212)968-9178,dsiretteng@disqus.com,222 Burning Wood Pass,New York City,NY,10249
846,Catie,Dankersley,1-(215)600-6052,cdankersleynh@google.nl,022 Dottie Plaza,Philadelphia,PA,19196
847,Norry,Streeton,1-(205)540-1845,nstreetonni@sohu.com,23 Ramsey Hill,Birmingham,AL,35236
848,Gilligan,Ashfield,1-(816)243-0642,gashfieldnj@bizjournals.com,55 American Ash Court,Kansas City,MO,64149
849,Doyle,Heiss,1-(203)399-1506,dheissnk@soup.io,65846 7th Plaza,Norwalk,CT,06859
850,Julio,Falkingham,1-(828)236-2700,jfalkinghamnl@a8.net,18318 Mallory Circle,Asheville,NC,28805
851,Chas,Huish,1-(702)770-3020,chuishnm@webeden.co.uk,9309 Glacier Hill Court,Las Vegas,NV,89178
852,Ianthe,Jaquest,1-(602)640-1592,ijaquestnn@pagesperso-orange.fr,16 Mayer Crossing,Phoenix,AZ,85030
853,Cassaundra,Smethurst,1-(480)744-7981,csmethurstno@imageshack.us,8 Ruskin Crossing,Phoenix,AZ,85040
854,Ambrosius,Fairall,1-(609)940-0227,afairallnp@ucoz.ru,050 Onsgard Avenue,Trenton,NJ,08638
855,Audrey,Ludlow,1-(402)205-2304,aludlownq@jalbum.net,6 Maywood Place,Omaha,NE,68164
856,Karie,Sirmond,1-(304)829-5623,ksirmondnr@bravesites.com,289 4th Pass,Charleston,WV,25389
857,Anjanette,Bixley,1-(305)397-7236,abixleyns@guardian.co.uk,85 Clarendon Circle,Miami,FL,33147
858,Elli,Thrower,1-(903)345-6664,ethrowernt@google.co.uk,7896 Iowa Way,Tyler,TX,75799
859,Dukey,Brickett,1-(209)891-2117,dbrickettnu@usnews.com,61082 Annamark Way,Stockton,CA,95219
860,Jacquetta,Jinkins,1-(503)560-3968,jjinkinsnv@epa.gov,92 Forest Run Drive,Portland,OR,97232
861,Demetre,Tallach,1-(478)825-5790,dtallachnw@trellian.com,81063 American Ash Junction,Macon,GA,31205
862,Teddie,Brentnall,1-(213)234-1205,tbrentnallnx@creativecommons.org,5592 Fairview Court,Los Angeles,CA,90030
863,Jelene,Sweeten,1-(713)645-6152,jsweetenny@clickbank.net,88112 Hagan Plaza,Houston,TX,77240
864,Jerad,Head,1-(803)935-9677,jheadnz@va.gov,447 Arkansas Lane,Columbia,SC,29225
865,Laryssa,Rawll,1-(917)377-4623,lrawllo0@ebay.co.uk,2 Pearson Street,New York City,NY,10045
866,Rainer,L' Anglois,1-(917)612-8796,rlangloiso1@nydailynews.com,6756 Bellgrove Terrace,New York City,NY,10155
867,Reinaldos,Scamel,1-(212)202-9525,rscamelo2@dyndns.org,761 Doe Crossing Parkway,Brooklyn,NY,11254
868,Jayme,Karczinski,1-(614)278-6415,jkarczinskio3@miibeian.gov.cn,7210 Michigan Plaza,Columbus,OH,43220
869,Layney,Asals,1-(973)485-1039,lasalso4@chron.com,6 Troy Trail,Paterson,NJ,07522
870,Beryle,Bartoshevich,1-(919)685-8061,bbartoshevicho5@upenn.edu,142 Cherokee Road,Raleigh,NC,27690
871,Lucie,Opy,1-(314)360-8094,lopyo6@sitemeter.com,56 Goodland Avenue,Saint Louis,MO,63167
872,Hanan,Been,1-(304)117-5848,hbeeno7@newyorker.com,5 Jana Center,Huntington,WV,25726
873,Hillery,Pover,1-(713)131-9278,hpovero8@is.gd,53829 Hansons Crossing,Arlington,TX,76016
874,Dru,Sallans,1-(734)186-9788,dsallanso9@uiuc.edu,20 Loomis Trail,Detroit,MI,48242
875,Brenn,Rothman,1-(412)395-9747,brothmanoa@apple.com,56 International Trail,Pittsburgh,PA,15255
876,Bryn,Van Arsdale,1-(503)896-4110,bvanarsdaleob@stumbleupon.com,97 Garrison Junction,Portland,OR,97229
877,Sigismund,Cowderoy,1-(520)394-9061,scowderoyoc@youtu.be,4 American Ash Crossing,Phoenix,AZ,85025
878,Pauletta,Gorcke,1-(712)455-9741,pgorckeod@arizona.edu,09 Mayfield Place,Sioux City,IA,51110
879,Milly,Krug,1-(205)969-3723,mkrugoe@360.cn,3741 Grayhawk Parkway,Birmingham,AL,35263
880,Broddy,Ritch,1-(314)799-9092,britchof@bing.com,5 Grim Avenue,Saint Louis,MO,63143
881,Guinna,Iacobacci,1-(718)896-6104,giacobacciog@phpbb.com,681 Loftsgordon Circle,New York City,NY,10014
882,Cathlene,Chang,1-(989)473-1842,cchangoh@tinyurl.com,91653 Del Sol Point,Saginaw,MI,48609
883,Ashil,Nobriga,1-(915)171-6034,anobrigaoi@drupal.org,9 7th Center,El Paso,TX,79977
884,Allie,Buncom,1-(210)329-0301,abuncomoj@ted.com,19259 Luster Parkway,San Antonio,TX,78210
885,Iver,Snowball,1-(404)183-8584,isnowballok@cmu.edu,306 Lyons Court,Atlanta,GA,30336
886,Cornela,Wight,1-(612)306-3090,cwightol@over-blog.com,7644 Hanson Drive,Minneapolis,MN,55446
887,Bridie,Barthot,1-(513)338-4161,bbarthotom@theatlantic.com,27 Gulseth Hill,Cincinnati,OH,45233
888,Dion,Nettles,1-(925)773-9592,dnettleson@i2i.jp,2047 Londonderry Circle,Concord,CA,94522
889,Raviv,Parton,1-(805)891-2265,rpartonoo@dailymotion.com,863 Aberg Point,Santa Barbara,CA,93111
890,Merrilee,Trinbey,1-(312)868-4543,mtrinbeyop@cnet.com,04 Tony Drive,Chicago,IL,60669
891,Hunter,Veelers,1-(520)890-0005,hveelersoq@vk.com,6410 Nova Place,Tucson,AZ,85705
892,Willetta,Barthrup,1-(415)662-3801,wbarthrupor@mozilla.com,5 Lake View Park,San Francisco,CA,94110
893,Barron,Demanche,1-(423)818-2468,bdemancheos@stumbleupon.com,2253 Old Shore Hill,Chattanooga,TN,37416
894,Standford,Whenham,1-(801)237-9372,swhenhamot@homestead.com,51 Butterfield Road,Provo,UT,84605
895,Celestine,Wash,1-(504)298-0745,cwashou@soup.io,9 Kipling Hill,New Orleans,LA,70129
896,Artus,Myerscough,1-(909)129-9907,amyerscoughov@cdc.gov,393 Northport Road,San Bernardino,CA,92424
897,Rhea,Lapish,1-(601)163-8585,rlapishow@digg.com,157 Lien Street,Meridian,MS,39305
898,Heriberto,Vivian,1-(509)241-4648,hvivianox@tripod.com,4 Anthes Crossing,Spokane,WA,99205
899,Fin,Ottam,1-(603)414-2130,fottamoy@51.la,93995 Hayes Road,Portsmouth,NH,03804
900,Letti,Bridgestock,1-(504)439-7414,lbridgestockoz@berkeley.edu,355 Duke Terrace,New Orleans,LA,70174
901,Juana,Kembley,1-(916)102-8815,jkembleyp0@mysql.com,85735 Dexter Place,Sacramento,CA,94286
902,Sabine,Speller,1-(802)295-4386,sspellerp1@samsung.com,8 Stang Street,Montpelier,VT,05609
903,Annice,Biddulph,1-(480)897-0811,abiddulphp2@yahoo.com,831 Butterfield Court,Chandler,AZ,85246
904,Darwin,Kingsley,1-(619)248-0672,dkingsleyp3@imageshack.us,06 3rd Way,San Diego,CA,92176
905,Erminia,Claiton,1-(203)916-0125,eclaitonp4@cafepress.com,99 Artisan Road,Danbury,CT,06816
906,Sebastiano,Harlowe,1-(941)592-8789,sharlowep5@oaic.gov.au,3 Parkside Avenue,Sarasota,FL,34238
907,Winfield,Leahair,1-(601)982-5198,wleahairp6@dell.com,2058 Vidon Point,Hattiesburg,MS,39404
908,Valenka,Tomsen,1-(563)565-1261,vtomsenp7@scientificamerican.com,69006 American Ash Trail,Davenport,IA,52809
909,Justus,Leon,1-(713)536-2662,jleonp8@cyberchimps.com,16 Sugar Circle,Houston,TX,77223
910,Chrissie,Himpson,1-(916)251-7017,chimpsonp9@histats.com,145 Northwestern Junction,Sacramento,CA,95833
911,Hedi,Rebillard,1-(413)816-1831,hrebillardpa@cargocollective.com,5191 Jackson Place,Springfield,MA,01114
912,Binny,Treacy,1-(703)541-0013,btreacypb@etsy.com,00 Maywood Junction,Washington,DC,20016
913,Ronnie,Alelsandrowicz,1-(405)895-7502,ralelsandrowiczpc@ox.ac.uk,008 Pleasure Alley,Edmond,OK,73034
914,Beverlee,Guite,1-(909)996-9818,bguitepd@google.co.jp,7 Dawn Circle,Riverside,CA,92505
915,Lyman,Skelington,1-(801)829-2111,lskelingtonpe@cpanel.net,96657 Duke Park,Salt Lake City,UT,84170
916,Thomasa,Milner,1-(702)631-3191,tmilnerpf@bbb.org,92490 Debra Road,North Las Vegas,NV,89087
917,Yank,Varsey,1-(213)844-7270,yvarseypg@naver.com,5 Rowland Park,Los Angeles,CA,90101
918,Shaun,Persian,1-(330)107-0096,spersianph@timesonline.co.uk,31527 Tomscot Terrace,Canton,OH,44720
919,Horten,Kapelhof,1-(202)742-1575,hkapelhofpi@shutterfly.com,2393 Sutherland Junction,Washington,DC,20051
920,Ellette,Trewin,1-(510)749-9811,etrewinpj@taobao.com,47 Mockingbird Road,Berkeley,CA,94705
921,John,Simpkins,1-(318)854-7612,jsimpkinspk@loc.gov,2203 Sauthoff Parkway,Shreveport,LA,71151
922,Dyan,Kench,1-(936)345-3621,dkenchpl@themeforest.net,91498 Magdeline Court,Huntsville,TX,77343
923,Germaine,Sultan,1-(806)740-6263,gsultanpm@msu.edu,0 Harper Hill,Amarillo,TX,79182
924,Sholom,Taig,1-(512)989-2719,staigpn@purevolume.com,46111 Ludington Park,Austin,TX,78769
925,Ashil,Cherry,1-(682)861-0667,acherrypo@engadget.com,0 Thackeray Drive,Arlington,TX,76011
926,Tamiko,Chew,1-(513)812-6352,tchewpp@msn.com,8 American Lane,Cincinnati,OH,45228
927,Marylinda,Galliard,1-(915)421-3344,mgalliardpq@seattletimes.com,2 Surrey Circle,El Paso,TX,79945
928,Gerald,Cunniam,1-(954)760-9269,gcunniampr@google.com.br,5 Anderson Point,Miami,FL,33180
929,Marie-ann,McKernon,1-(406)623-4011,mmckernonps@naver.com,7 Katie Way,Missoula,MT,59806
930,Imogen,Gellert,1-(706)789-6354,igellertpt@e-recht24.de,30412 Loeprich Court,Columbus,GA,31914
931,Almeta,Micklem,1-(816)992-0269,amicklempu@google.com.br,4 Lien Terrace,Kansas City,MO,64136
932,Veradis,Jiggen,1-(901)141-6884,vjiggenpv@surveymonkey.com,70737 School Hill,Memphis,TN,38109
933,Dex,McGenis,1-(352)838-4088,dmcgenispw@usda.gov,14 Hoard Parkway,Ocala,FL,34474
934,Barnett,Celes,1-(918)961-7654,bcelespx@ifeng.com,5 Transport Trail,Tulsa,OK,74184
935,Dory,Mably,1-(202)977-2842,dmablypy@mit.edu,7 Hoard Road,Washington,DC,20530
936,Chick,Paolone,1-(312)497-0890,cpaolonepz@edublogs.org,5 Elmside Crossing,Chicago,IL,60669
937,Ase,Kovalski,1-(310)827-6738,akovalskiq0@over-blog.com,813 Barnett Avenue,Long Beach,CA,90805
938,Natasha,Gibling,1-(503)564-6380,ngiblingq1@google.es,4812 Summerview Terrace,Portland,OR,97286
939,Brooke,Hellard,1-(409)944-1035,bhellardq2@pbs.org,93 Ohio Park,Galveston,TX,77554
940,Ferd,Merigon,1-(212)222-8223,fmerigonq3@cornell.edu,147 Bunting Alley,New York City,NY,10120
941,Emmy,Vosper,1-(619)744-5054,evosperq4@facebook.com,493 Redwing Court,San Diego,CA,92186
942,Felicia,Weddeburn - Scrimgeour,1-(432)272-2060,fweddeburnscrimgeourq5@youku.com,893 Cottonwood Lane,Midland,TX,79705
943,Delphinia,Dametti,1-(212)192-5461,ddamettiq6@bandcamp.com,14 Carey Drive,New York City,NY,10115
944,Rivi,Checketts,1-(754)218-5473,rcheckettsq7@blogspot.com,00342 Thompson Place,Pompano Beach,FL,33075
945,Bethanne,Lawleff,1-(401)148-7160,blawleffq8@washington.edu,75282 Thierer Avenue,Providence,RI,02905
946,Cleo,Geistmann,1-(347)313-8922,cgeistmannq9@scientificamerican.com,0408 Derek Alley,Brooklyn,NY,11241
947,Chloris,Breydin,1-(314)249-8481,cbreydinqa@time.com,0 Forest Run Center,Saint Louis,MO,63167
948,Ara,Schops,1-(217)960-0128,aschopsqb@surveymonkey.com,06 Westend Center,Springfield,IL,62764
949,Georgie,McLane,1-(321)722-5470,gmclaneqc@myspace.com,8 Carey Park,Orlando,FL,32819
950,Janna,Leonardi,1-(901)592-9304,jleonardiqd@uiuc.edu,4 Sunnyside Drive,Memphis,TN,38188
951,Alejandrina,Capineer,1-(561)437-9134,acapineerqe@blogtalkradio.com,683 Delladonna Place,West Palm Beach,FL,33416
952,Niki,Fairbourn,1-(513)682-3641,nfairbournqf@epa.gov,61 Tomscot Hill,Cincinnati,OH,45254
953,Tiebold,Loving,1-(513)337-4175,tlovingqg@merriam-webster.com,8 Aberg Trail,Cincinnati,OH,45228
954,Michal,Ely,1-(540)625-6113,melyqh@blog.com,433 Meadow Vale Pass,Roanoke,VA,24020
955,Olivie,Borgesio,1-(202)592-7495,oborgesioqi@forbes.com,51 Sunnyside Place,Washington,DC,20470
956,Biddie,Eathorne,1-(617)624-6265,beathorneqj@symantec.com,8300 Manufacturers Trail,Newton,MA,02458
957,Wendell,Merriott,1-(717)883-5591,wmerriottqk@fotki.com,1 Montana Road,Lancaster,PA,17622
958,D'arcy,Tenney,1-(601)311-0126,dtenneyql@wordpress.com,45 Warrior Terrace,Jackson,MS,39204
959,Rosabella,Sinnocke,1-(724)514-2386,rsinnockeqm@usnews.com,56 Eggendart Trail,Pittsburgh,PA,15205
960,Loutitia,Moodie,1-(304)689-3789,lmoodieqn@theguardian.com,94 Almo Road,Charleston,WV,25362
961,Siobhan,Growcock,1-(973)857-4917,sgrowcockqo@tinypic.com,9351 Sheridan Terrace,Paterson,NJ,07505
962,Sosanna,Colclough,1-(510)207-6049,scolcloughqp@t.co,88348 Knutson Street,Sacramento,CA,95823
963,Willi,Reucastle,1-(813)531-1328,wreucastleqq@blog.com,309 Killdeer Circle,Tampa,FL,33673
964,Heloise,Gregson,1-(843)958-5407,hgregsonqr@geocities.jp,1 Morningstar Way,Charleston,SC,29416
965,Prudy,Iffe,1-(409)473-0378,piffeqs@sciencedirect.com,53 School Circle,Spring,TX,77388
966,Tadd,Tebbitt,1-(941)526-8599,ttebbittqt@marketwatch.com,04 Rowland Center,Bradenton,FL,34205
967,Joby,Hallatt,1-(202)446-3014,jhallattqu@deviantart.com,52 Nobel Hill,Washington,DC,20099
968,Letta,Gilliam,1-(309)226-7063,lgilliamqv@harvard.edu,79006 Paget Place,Peoria,IL,61614
969,Gian,Edworthye,1-(513)802-1284,gedworthyeqw@smugmug.com,63458 Loeprich Circle,Cincinnati,OH,45264
970,Karly,Boig,1-(303)190-6471,kboigqx@dedecms.com,53300 Grover Trail,Denver,CO,80279
971,Robbyn,Esh,1-(518)448-5255,reshqy@topsy.com,3 Northfield Lane,Albany,NY,12222
972,Queenie,Swindells,1-(215)785-8001,qswindellsqz@people.com.cn,974 Orin Road,Philadelphia,PA,19093
973,Liesa,Fortin,1-(813)190-5218,lfortinr0@webnode.com,7314 Butternut Parkway,Tampa,FL,33633
974,Talya,Robertucci,1-(410)295-6863,trobertuccir1@bigcartel.com,287 Eliot Avenue,Baltimore,MD,21290
975,Jacinthe,Pohling,1-(850)313-1817,jpohlingr2@webnode.com,307 Maple Hill,Panama City,FL,32405
976,Morgana,Lorkings,1-(203)499-6522,mlorkingsr3@sfgate.com,7 Gina Place,Waterbury,CT,06726
977,Kathye,Shotter,1-(210)556-1303,kshotterr4@fda.gov,54523 Spaight Plaza,San Antonio,TX,78215
978,Edan,Featherstone,1-(304)811-0623,efeatherstoner5@is.gd,678 Hazelcrest Point,Charleston,WV,25356
979,Abbe,Reffe,1-(208)943-1304,areffer6@edublogs.org,17 Wayridge Way,Boise,ID,83757
980,Karla,Morigan,1-(775)461-5096,kmoriganr7@dmoz.org,8 Gulseth Place,Carson City,NV,89706
981,Minne,Vanyushin,1-(505)749-7511,mvanyushinr8@vkontakte.ru,0 Merry Pass,Albuquerque,NM,87190
982,Hallsy,Tench,1-(904)221-0058,htenchr9@wikia.com,1 Rowland Crossing,Jacksonville,FL,32277
983,Chickie,Poultney,1-(202)862-5713,cpoultneyra@livejournal.com,36 Cardinal Lane,Washington,DC,20425
984,Boniface,Duggen,1-(608)205-5797,bduggenrb@mozilla.org,9 Kingsford Way,Madison,WI,53790
985,Chicky,Stittle,1-(212)250-4930,cstittlerc@java.com,01 Grasskamp Street,New York City,NY,10090
986,Pacorro,Haslock,1-(508)610-9711,phaslockrd@discovery.com,40 Bunting Alley,Worcester,MA,01605
987,Caleb,Tear,1-(717)612-3222,ctearre@posterous.com,76406 Dayton Court,Lancaster,PA,17605
988,Leshia,Pedley,1-(318)104-4587,lpedleyrf@yandex.ru,650 Shopko Trail,Shreveport,LA,71166
989,Sisely,Laterza,1-(574)623-7203,slaterzarg@google.ca,6 Meadow Vale Terrace,South Bend,IN,46614
990,Dov,Spradbrow,1-(305)656-3324,dspradbrowrh@tmall.com,22559 Waywood Park,Miami,FL,33261
991,Kilian,Labuschagne,1-(205)298-0215,klabuschagneri@zimbio.com,2 Nelson Street,Birmingham,AL,35225
992,Regan,Labin,1-(206)140-7294,rlabinrj@live.com,430 Helena Parkway,Seattle,WA,98115
993,Miriam,Cardenas,1-(512)169-7230,mcardenasrk@statcounter.com,5 Fordem Avenue,Austin,TX,78778
994,Abba,Da Costa,1-(502)674-1881,adacostarl@addthis.com,2 Towne Court,Louisville,KY,40293
995,Nicky,Landsberg,1-(612)251-7101,nlandsbergrm@imgur.com,7 Farmco Drive,Minneapolis,MN,55446
996,James,Durward,1-(865)211-3989,jdurwardrn@dot.gov,736 Eastwood Parkway,Knoxville,TN,37919
997,Konrad,Ahlin,1-(615)594-3498,kahlinro@themeforest.net,9 Sugar Center,Nashville,TN,37215
998,Domenico,Beri,1-(619)411-2858,dberirp@over-blog.com,28 Carpenter Street,San Diego,CA,92137
999,Joice,Pavlik,1-(859)726-5272,jpavlikrq@altervista.org,67950 Merchant Park,Lexington,KY,40581
1000,Blinnie,Hendrich,1-(847)811-5274,bhendrichrr@usatoday.com,97635 Tony Plaza,Palatine,IL,60078
